"시설명","시설코드","시설종류명(시설유형)","시설종류상세명(시설종류)","자치구(시)구분","시설장명","시군구코드","시군구명","시설주소"
"구세군서울후생원","B0001","(아동) 아동양육시설","아동복지시설","자치구","김호규","1141000000","서대문구","서울특별시 서대문구 독립문로8길 41(영천동)"
"남산원","B0002","(아동) 아동양육시설","아동복지시설","자치구","박흥식","1114000000","중구","서울특별시 중구 소파로2길 31남산원"
"송죽원","B0003","(아동) 아동양육시설","아동복지시설","자치구","권명심","1141000000","서대문구","서울특별시 서대문구 송죽길 23"
"강동꿈마을","B0006","(아동) 아동양육시설","아동복지시설","자치구","최은미","1174000000","강동구","서울특별시 강동구 천호대로186길 21 (둔촌동)"
"리라아동복지관","B0009","(아동) 아동양육시설","아동복지시설","자치구","김두식","1114000000","중구","경기도 안성시 용소길 65-0리라아동복지관"
"은평천사원","B0040","(아동) 아동양육시설","아동복지시설","자치구","조성아","1138000000","은평구","서울특별시 은평구 갈현로11길 30"
"삼동소년촌","B0042","(아동) 아동양육시설","아동복지시설","자치구","현재우","1144000000","마포구","서울특별시 마포구 가양대로 124"
"청운자립생활관","B0043","(아동) 자립지원시설","아동복지시설","자치구","유병욱","1159000000","동작구","서울특별시 동작구 국사봉1길 145자립생활관"
"시온원","B0044","(아동) 아동양육시설","아동복지시설","자치구","김성숙","1159000000","동작구","서울특별시 동작구 상도1동 460-9시온원"
"혜명보육원","B0045","(아동) 아동양육시설","아동복지시설","자치구","박혜정","1154500000","금천구","서울특별시 금천구 탑골로 35혜명보육원"
"혜명지역아동복지센터","B0046","(아동) 지역아동센터(지역아동복지센터)","아동복지시설","자치구","노화정","1154500000","금천구","서울특별시 금천구 탑골로 352층"
"혜심원","B0050","(아동) 아동양육시설","아동복지시설","자치구","권필환","1117000000","용산구","서울특별시 용산구 소월로2나길 18 (후암동)"
"성남보육원","B0051","(아동) 아동양육시설","아동복지시설","자치구","최성수","1150000000","강서구","충청남도 서산시 쌍연북 3길 33"
"상록여자자립생활관","B0052","(아동) 자립지원시설","아동복지시설","자치구","부청하","1162000000","관악구","서울특별시 관악구 남현길 63"
"성가정입양원","B0055","(아동) 아동일시보호시설","아동복지시설","자치구","윤미숙","1129000000","성북구","서울특별시 성북구 선잠로2길 242선잠로2길 242"
"성심원","B0056","(아동) 아동양육시설","아동복지시설","자치구","김동춘","1165000000","서초구","경기 용인시 수지구 고기로 45번길 40-11(동천동)"
"신망원","B0057","(아동) 아동양육시설","아동복지시설","자치구","박명희","1156000000","영등포구","경기도 양평군 양서면 신원1길142번길 60 "
"성애원","B0058","(아동) 아동양육시설","아동복지시설","자치구","신경림","1129000000","성북구","경기도 이천시 구만리로 314"
"이든아이빌(EdenIVille)","B0070","(아동) 아동양육시설","아동복지시설","자치구","이소영","1120000000","성동구","서울특별시 성동구 왕십리로21라길 11(하왕십리동) (하왕십리동)"
"애향아동복지원","B0108","(아동) 아동양육시설","아동복지시설","자치구","김영신","1126000000","중랑구","경북 김천시 어모면 용문산길 551-25"
"그레이스빌","B0113","(아동) 아동양육시설","아동복지시설","자치구","강영미","1156000000","영등포구","충청남도 아산시 배방읍 갈매길 159-4 "
"명진들꽃사랑마을","B0198","(아동) 아동양육시설","아동복지시설","자치구","황유정","1174000000","강동구","서울특별시 강동구 구천면로68나길 10-1 (천호동)"
"돈보스코 자립생활관","B0220","(아동) 자립지원시설","아동복지시설","자치구","나택규","1156000000","영등포구","서울특별시 영등포구 여의대방로 65"
"신명아이마루","B0222","(아동) 아동양육시설","아동복지시설","자치구","이해근","1159000000","동작구","경기도 화성시 기배로43번길 26신명아이마루"
"상록보육원","B0232","(아동) 아동양육시설","아동복지시설","자치구","부청하","1162000000","관악구","서울특별시 관악구 남현길 63"
"한국사회봉사회","B0234","(아동) 아동일시보호시설","아동복지시설","자치구","이명림","1132000000","도봉구","서울특별시 도봉구 삼양로162가길 70"
"돈보스코 오라토리오","B0236","(아동) 아동보호치료시설","아동복지시설","자치구","나택규","1156000000","영등포구","서울특별시 영등포구 여의대방로 65 (구.신길6동 4491)"
"마드레나자레나의집","B0238","(아동) 공동생활가정","아동복지시설","자치구","이정임","1150000000","강서구","서울특별시 강서구 강서로26길 51-8"
"렘넌트지역아동센터","B0241","(아동) 지역아동센터","아동복지시설","자치구","김미경","1154500000","금천구","서울특별시 금천구 독산로 2173층"
"소리마을지역아동센터","B0245","(아동) 지역아동센터","아동복지시설","자치구","이형영","1174000000","강동구","서울특별시 강동구 구천면로 287-1"
"성광행복한지역아동센터","B0246","(아동) 지역아동센터","아동복지시설","자치구","김명희","1150000000","강서구","서울특별시 강서구 양천로26길 103청구상가 202203호"
"꿈이있는푸른학교지역아동센터","B0251","(아동) 지역아동센터","아동복지시설","자치구","김효경","1138000000","은평구","서울특별시 은평구 응암로12길 27-02층3층"
"영등포좋은나무지역아동센터","B0254","(아동) 지역아동센터","아동복지시설","자치구","백혜선","1156000000","영등포구","서울특별시 영등포구 양산로 90-1두선빌딩 2층 (당산동2가)"
"또하나의집","B0489","(아동) 공동생활가정","아동복지시설","자치구","한정숙","1123000000","동대문구","서울특별시 동대문구 약령시로5길 22-10 (제기동)"
"영락지역아동복지센터","B0498","(아동) 지역아동센터(지역아동복지센터)","아동복지시설","자치구","김병삼","1117000000","용산구","서울특별시 용산구 후암로4길 70 (후암동)"
"청운지역아동복지센터","B0535","(아동) 지역아동센터(지역아동복지센터)","아동복지시설","자치구","유병욱","1159000000","동작구","서울특별시 동작구 국사봉1길 145"
"민들레쉼터","B0567","(아동) 공동생활가정","아동복지시설","자치구","김금란","1162000000","관악구","서울특별시 관악구 문성로38길 37-7201호 (신림동)"
"푸른꿈지역아동센터","B0621","(아동) 지역아동센터","아동복지시설","자치구","전미영","1121500000","광진구","서울특별시 광진구 자양로 71-72층"
"솔빛지역아동센터","B0653","(아동) 지역아동센터","아동복지시설","자치구","유승희","1171000000","송파구","서울특별시 송파구 성내천로18길 12층"
"한국아동복지시설연합회","B0704","(아동) 아동양육시설","아동복지시설","자치구","성준경","1100000000","서울특별시","서울특별시 용산구 갈월동 용산빌딩 "
"동명아동복지센터","B0709","(아동) 아동양육시설","아동복지시설","자치구","김광빈","1162000000","관악구","서울특별시 관악구 봉천로23라길 1522통 3반"
"열린지역아동센터","B0734","(아동) 지역아동센터","아동복지시설","자치구","최승호","1150000000","강서구","서울특별시 강서구 초록마을로22길 8-5"
"한사랑지역아동센터","B0735","(아동) 지역아동센터","아동복지시설","자치구","박종인","1154500000","금천구","서울특별시 금천구 시흥대로47길 32990-25"
"신상도지역아동센터","B0741","(아동) 지역아동센터","아동복지시설","자치구","김은수","1159000000","동작구","서울특별시 동작구 양녕로20길 1083층"
"공립벧엘지역아동센터","B0745","(아동) 지역아동센터","아동복지시설","자치구","장미정","1138000000","은평구","서울특별시 은평구 연서로6길 5-7 (역촌동)"
"장위지역아동센터밀알학교","B0747","(아동) 지역아동센터","아동복지시설","자치구","한현추","1129000000","성북구","서울특별시 성북구 돌곶이로 157"
"엘림지역아동센터","B0763","(아동) 지역아동센터","아동복지시설","자치구","김정옥","1114000000","중구","서울특별시 중구 퇴계로88나길 234층"
"둥근나라","B0766","(아동) 공동생활가정","아동복지시설","자치구","박경자","1130500000","강북구","서울특별시 강북구 덕릉로30길 193층"
"살레시오방화동나눔의집","B0795","(아동) 공동생활가정","아동복지시설","자치구","김혜숙","1150000000","강서구","서울특별시 강서구 방화대로45길 56-4"
"다솔지역아동센터","B0796","(아동) 지역아동센터","아동복지시설","자치구","김은영","1129000000","성북구","서울특별시 성북구 돌곶이로31길 3 (장위동)"
"나무를심는학교","B0803","(아동) 지역아동센터","아동복지시설","자치구","고향희","1141000000","서대문구","서울특별시 서대문구 북아현로11가길 182층"
"꿈나무학교","B0808","(아동) 지역아동센터","아동복지시설","자치구","김준혁","1150000000","강서구","서울특별시 강서구 가로공원로 214-1"
"한울타리","B0826","(아동) 공동생활가정","아동복지시설","자치구","임은순","1141000000","서대문구","서울특별시 서대문구 연희로2길 46노블레스아파트 501호"
"신림우리집","B0827","(아동) 공동생활가정","아동복지시설","자치구","김혜경","1162000000","관악구","서울특별시 관악구 문성로30길 6"
"람원행복한홈스쿨지역아동센터","B0832","(아동) 지역아동센터","아동복지시설","자치구","박미자","1150000000","강서구","서울특별시 강서구 까치산로 160-5"
"샘물의집","B0852","(아동) 공동생활가정","아동복지시설","자치구","민외순","1162000000","관악구","서울특별시 관악구 쑥고개로 49-51층"
"태릉지역아동센터","B0903","(아동) 지역아동센터","아동복지시설","자치구","표사라","1135000000","노원구","서울특별시 노원구 동일로174길 9-42층"
"꿈둥지 지역아동센터","B0904","(아동) 지역아동센터","아동복지시설","자치구","이재영","1162000000","관악구","서울특별시 관악구 쑥고개로 712층"
"구세군지역아동복지센터","B0907","(아동) 아동양육시설","아동복지시설","자치구","김호규","1141000000","서대문구","서울특별시 서대문구 독립문로8길 41"
"샘터지역아동센터(공부방)","B0912","(아동) 지역아동센터","아동복지시설","자치구","최경일","1132000000","도봉구","서울특별시 도봉구 노해로62길 106"
"누리사랑지역아동센터","B0923","(아동) 지역아동센터","아동복지시설","자치구","이재현","1138000000","은평구","서울특별시 은평구 증산로 401-181층"
"광현지역아동센터","B0925","(아동) 지역아동센터","아동복지시설","자치구","박미선","1138000000","은평구","서울특별시 은평구 연서로27길 31-72층"
"연세지역아동센터","B0930","(아동) 지역아동센터","아동복지시설","자치구","이정숙","1147000000","양천구","서울특별시 양천구 신월로27길 16 (신월동)"
"사과나무열림터지역아동센터","B0954","(아동) 지역아동센터","아동복지시설","자치구","김소연","1120000000","성동구","서울특별시 성동구 왕십리로21다길 20-92층"
"참이랑지역아동센터","B1002","(아동) 지역아동센터","아동복지시설","자치구","진옥화","1126000000","중랑구","서울특별시 중랑구 상봉중앙로1길 782층"
"서진지역아동센터","B1022","(아동) 지역아동센터","아동복지시설","자치구","김숙희","1144000000","마포구","서울특별시 마포구 새터산길 72-0동호빌딩2층"
"디모데지역아동센터","B1055","(아동) 지역아동센터","아동복지시설","자치구","정혜선","1156000000","영등포구","서울특별시 영등포구 영등포로86길 17 (신길동)"
"성모자애드림힐","B1056","(아동) 아동양육시설","아동복지시설","자치구","장경혜","1135000000","노원구","서울특별시 노원구 덕릉로70가길 45성모자애드림힐"
"살레시오청소년센터","B1060","(아동) 아동보호치료시설","아동복지시설","자치구","김선오","1156000000","영등포구","서울특별시 영등포구 디지털로 424 (대림동)"
"참신나는학교","B1080","(아동) 지역아동센터","아동복지시설","자치구","안경천","1111000000","종로구","서울특별시 종로구 종로53길 7-10"
"솔로몬지역아동센터","B1110","(아동) 지역아동센터","아동복지시설","자치구","엄은영","1150000000","강서구","서울특별시 강서구 양천로1길 1062층"
"상도지역아동복지센터","B1118","(아동) 지역아동센터(지역아동복지센터)","아동복지시설","자치구","김성숙","1159000000","동작구","서울특별시 동작구 상도로39길 47-02층"
"조은아이들지역아동센터","B1120","(아동) 지역아동센터","아동복지시설","자치구","이병국","1138000000","은평구","서울특별시 은평구 통일로68길 15202호 (불광동)"
"구로파랑새나눔터공부방지역아동센터","B1136","(아동) 지역아동센터","아동복지시설","자치구","성태숙","1153000000","구로구","서울특별시 구로구 구로동로38길 32-03층 "
"관악지역아동복지센터","B1188","(아동) 지역아동센터(지역아동복지센터)","아동복지시설","자치구","김광빈","1162000000","관악구","서울특별시 관악구 봉천로23라길 15"
"성원미디어스쿨지역아동센터","B1191","(아동) 지역아동센터","아동복지시설","자치구","박미순","1154500000","금천구","서울특별시 금천구 독산로74길 31185-5"
"함사람지역아동센터","B1204","(아동) 지역아동센터","아동복지시설","자치구","한주란","1154500000","금천구","서울특별시 금천구 금하로11길 172층"
"에델마을","B1210","(아동) 아동양육시설","아동복지시설","자치구","이경희","1153000000","구로구","서울특별시 구로구 천왕로 47(천왕동) "
"한누리학교지역아동센터","B1212","(아동) 지역아동센터","아동복지시설","자치구","윤명숙","1147000000","양천구","서울특별시 양천구 신월로 117태성빌딩 2층"
"청운보육원","B1214","(아동) 아동양육시설","아동복지시설","자치구","유병욱","1159000000","동작구","서울특별시 동작구 국사봉1길 145청운복지원"
"청암지역아동센터","B1220","(아동) 지역아동센터","아동복지시설","자치구","박경애","1111000000","종로구","서울특별시 종로구 창신8길 13 (창신동)"
"한별지역아동센터","B1275","(아동) 지역아동센터","아동복지시설","자치구","김경철","1154500000","금천구","서울특별시 금천구 독산로72길 86-11한별지역아동센터"
"나누리지역아동센터","B1276","(아동) 지역아동센터","아동복지시설","자치구","이상옥","1154500000","금천구","서울특별시 금천구 금하로23길 402층"
"신일지역아동센터","B1286","(아동) 지역아동센터","아동복지시설","자치구","이은희","1141000000","서대문구","서울특별시 서대문구 독립문로8길 107"
"별빛내리는마을","B1297","(아동) 공동생활가정","아동복지시설","자치구","임상순","1171000000","송파구","서울특별시 송파구 동남로24길 115층"
"쪼물왕국지역아동센터","B1377","(아동) 지역아동센터","아동복지시설","자치구","이인숙","1156000000","영등포구","서울특별시 영등포구 선유로53길 34-14 (양평동4가)"
"은평지역아동센터 열린학교","B1439","(아동) 지역아동센터","아동복지시설","자치구","김지연","1138000000","은평구","서울특별시 은평구 은평로 2273층 (녹번동)"
"성모의집","B1449","(아동) 지역아동센터","아동복지시설","자치구","김현정","1129000000","성북구","서울특별시 성북구 보국문로29가길 24 (정릉동)"
"아낌없이주는나무지역아동센터","B1486","(아동) 지역아동센터","아동복지시설","자치구","임영진","1129000000","성북구","서울특별시 성북구 종암로14길 12-16"
"장위희망지역아동센터","B1495","(아동) 지역아동센터","아동복지시설","자치구","문숙형","1129000000","성북구","서울특별시 성북구 장위로15길 48-02층"
"성심효주의집","B1516","(아동) 아동양육시설","아동복지시설","자치구","박기자","1165000000","서초구","서울특별시 서초구 동광로18길 64202호 (방배동 방배그레이스)(방배동 방배그레이스)"
"구로지역아동센터","B1525","(아동) 지역아동센터","아동복지시설","자치구","곽원주","1153000000","구로구","서울특별시 구로구 도림로 4-33층 301호 (구로동)"
"월곡지역아동센터","B1533","(아동) 지역아동센터","아동복지시설","자치구","조유숙","1129000000","성북구","서울특별시 성북구 동소문로42나길 26-15월곡지역아동센터"
"새솜지역아동센터","B1543","(아동) 지역아동센터","아동복지시설","자치구","권희재","1153000000","구로구","서울특별시 구로구 새말로16길 70상가 401~403호 (구로동 다솜금호아파트)"
"시습지역아동센터","B1545","(아동) 지역아동센터","아동복지시설","자치구","이은성","1129000000","성북구","서울특별시 성북구 아리랑로5길 36301호 (동소문동7가 유성빌라)"
"샘물지역아동센터","B1549","(아동) 지역아동센터","아동복지시설","자치구","김윤금","1147000000","양천구","서울특별시 양천구 목동중앙북로 912층"
"은광지역아동센터","B1553","(아동) 지역아동센터","아동복지시설","자치구","김명자","1138000000","은평구","서울특별시 은평구 녹번동553층(녹번동109-20번지)"
"물댄동산목동지역아동센터","B1559","(아동) 지역아동센터","아동복지시설","자치구","오경숙","1147000000","양천구","서울특별시 양천구 목동로3길 57관리사무동 2층 (신정동 양천아파트)"
"푸른나래지역아동센터","B1560","(아동) 지역아동센터","아동복지시설","자치구","이현정","1147000000","양천구","서울특별시 양천구 남부순환로 340일성빌딩 3층"
"선한지역아동센터","B1563","(아동) 지역아동센터","아동복지시설","자치구","김인정","1147000000","양천구","서울특별시 양천구 목동중앙남로16다길 28"
"함사람지역아동센터","B1570","(아동) 지역아동센터","아동복지시설","자치구","김희정","1153000000","구로구","서울특별시 구로구 경서로 82-14대신상가 303호 (고척동)"
"큰나무학교지역아동센터","B1574","(아동) 지역아동센터","아동복지시설","자치구","김미경","1129000000","성북구","서울특별시 성북구 보문로30가길 41-6안암교회"
"목자지역아동센터","B1578","(아동) 지역아동센터","아동복지시설","자치구","이덕순","1129000000","성북구","서울특별시 성북구 종암로36길 533층"
"그리스도의교회지역아동센터","B1584","(아동) 지역아동센터","아동복지시설","자치구","이명희","1147000000","양천구","서울특별시 양천구 목동중앙남로 57-72층"
"강서성결행복한홈스쿨","B1588","(아동) 지역아동센터","아동복지시설","자치구","최정애","1147000000","양천구","서울특별시 양천구 월정로19길 11"
"꿈터지역아동센터","B1600","(아동) 지역아동센터","아동복지시설","자치구","이주현","1129000000","성북구","서울특별시 성북구 삼선교로 54 (삼선동3가)"
"성심의집지역아동센터","B1612","(아동) 지역아동센터","아동복지시설","자치구","장현선","1129000000","성북구","서울특별시 성북구 장월로10길 8"
"서울SOS지역아동복지센터","B1616","(아동) 지역아동센터(지역아동복지센터)","아동복지시설","자치구","김도현","1147000000","양천구","서울특별시 양천구 가로공원로58길 32(신월동)"
"지역아동센터평화만들기","B1620","(아동) 지역아동센터","아동복지시설","자치구","김명혜","1153000000","구로구","서울특별시 구로구 오리로20길 32 (궁동)"
"서울성로원","B1659","(아동) 아동양육시설","아동복지시설","자치구","김아리","1159000000","동작구","서울특별시 동작구 만양로 60성로원"
"강동지역아동복지센터","B1668","(아동) 지역아동센터(지역아동복지센터)","아동복지시설","자치구","유명옥","1174000000","강동구","서울특별시 강동구 구천면로68길 46 (천호동)"
"요셉천사의집","B1676","(아동) 공동생활가정","아동복지시설","자치구","이대호","1147000000","양천구","서울특별시 양천구 오목로5길 20 (신월동 양천롯데캐슬)202동 101호"
"누리지역아동센터","B1687","(아동) 지역아동센터","아동복지시설","자치구","이향숙","1153000000","구로구","서울특별시 구로구 구로동로8길 31-04층"
"밤골아이네공부방","B1692","(아동) 지역아동센터","아동복지시설","자치구","김복순","1129000000","성북구","서울특별시 성북구 화랑로1길 26-3 (하월곡동)"
"은혜지역아동센터","B1704","(아동) 지역아동센터","아동복지시설","자치구","정성준","1153000000","구로구","서울특별시 구로구 고척로52길 9101동 상가 201호 (고척동 양우아파트)"
"정릉중앙","B1719","(아동) 지역아동센터","아동복지시설","자치구","이수연","1129000000","성북구","서울특별시 성북구 정릉로8다길 38"
"암미신월지역아동센터","B1723","(아동) 지역아동센터","아동복지시설","자치구","박귀화","1147000000","양천구","서울특별시 양천구 가로공원로55길 16중앙빌딩 201호"
"즐거운지역아동센터","B1740","(아동) 지역아동센터","아동복지시설","자치구","김영은","1126000000","중랑구","서울특별시 중랑구 동일로95길 16"
"마가렛지역아동센터","B1744","(아동) 지역아동센터","아동복지시설","자치구","오순복","1129000000","성북구","서울특별시 성북구 성북로23길 22-13 (성북동)"
"살레시오신월5동나눔의집","B1745","(아동) 공동생활가정","아동복지시설","자치구","양승애","1147000000","양천구","서울특별시 양천구 월정로 306103동 105호 (신월동 수명산 SK VIEW)"
"돈보스코지역아동복지센터","B1786","(아동) 지역아동센터(지역아동복지센터)","아동복지시설","자치구","나택규","1156000000","영등포구","서울특별시 영등포구 여의대방로 65돈보스코센터 4층 아동복지센터"
"다윤이네집","B1811","(아동) 공동생활가정","아동복지시설","자치구","유채정","1129000000","성북구","서울특별시 성북구 장월로1마길 1-8장월로1마길 1-8"
"아모그린텍장미가정","B1819","(아동) 공동생활가정","아동복지시설","자치구","유명한","1162000000","관악구","서울특별시 관악구 남부순환로152가길 12201호"
"그루터기지역아동센터","B1822","(아동) 지역아동센터","아동복지시설","자치구","황영숙","1138000000","은평구","서울특별시 은평구 연서로21길 193층 (갈현동)"
"비단산지역아동센터","B1849","(아동) 지역아동센터","아동복지시설","자치구","홍석조","1138000000","은평구","서울특별시 은평구 은평터널로 164203호 205호"
"신당꿈지역아동센터","B1850","(아동) 지역아동센터","아동복지시설","자치구","김유미","1114000000","중구","서울특별시 중구 다산로21길 84층(신당동 남정빌딩)"
"데레사의집","B1851","(아동) 아동양육시설","아동복지시설","자치구","박춘옥","1138000000","은평구","서울특별시 은평구 응암로21길 11-20응암3동 579-34"
"서울SOS어린이마을","B1901","(아동) 아동양육시설","아동복지시설","자치구","김도현","1147000000","양천구","서울특별시 양천구 가로공원로58길 46(신월동)"
"강남드림빌","B1902","(아동) 아동양육시설","아동복지시설","자치구","이은영","1168000000","강남구","서울특별시 강남구 양재대로 344-27"
"솔로몬지역아동센터","B1927","(아동) 지역아동센터","아동복지시설","자치구","김병훈","1126000000","중랑구","서울특별시 중랑구 망우로73길 83"
"발음지역아동센터","B1948","(아동) 지역아동센터","아동복지시설","자치구","조은아","1150000000","강서구","서울특별시 강서구 강서로47다길 411층"
"햇살가득지역아동센터","B1953","(아동) 지역아동센터","아동복지시설","자치구","박민하","1156000000","영등포구","서울특별시 영등포구 도신로15라길 2 (도림동)"
"금천미래 지역아동센터","B1966","(아동) 지역아동센터","아동복지시설","자치구","양은선","1154500000","금천구","서울특별시 금천구 시흥대로147길 243층 (독산동)"
"물댄동산난곡 지역아동센터","B2101","(아동) 지역아동센터","아동복지시설","자치구","이경아","1162000000","관악구","서울특별시 관악구 난곡로 2633층(한광빌딩)"
"꿈마을지역아동센터","B2143","(아동) 지역아동센터","아동복지시설","자치구","박병요","1162000000","관악구","서울특별시 관악구 양녕로 422층"
"초롱꽃네","B2145","(아동) 공동생활가정","아동복지시설","자치구","박금옥","1126000000","중랑구","서울특별시 중랑구 망우로66길 32-5수지블루빌101호"
"소년예수의집","B2221","(아동) 공동생활가정","아동복지시설","자치구","조진원","1171000000","송파구","서울특별시 송파구 거마로24길 14"
"영락보린원","B2231","(아동) 아동양육시설","아동복지시설","자치구","김병삼","1117000000","용산구","서울특별시 용산구 후암로4길 70"
"등대지역아동센터","B2244","(아동) 지역아동센터","아동복지시설","자치구","김효순","1114000000","중구","서울특별시 중구 중림동200 삼성사이버빌리지상가 901호 902호"
"노량진행복한홈스쿨","B2257","(아동) 지역아동센터","아동복지시설","자치구","차명신","1159000000","동작구","서울특별시 동작구 노량진로30길 22"
"전진상지역아동센터","B2263","(아동) 지역아동센터","아동복지시설","자치구","김정미","1154500000","금천구","서울특별시 금천구 탑골로3가길 22지하1층"
"아이들세상지역아동센터","B2274","(아동) 지역아동센터","아동복지시설","자치구","이현정","1154500000","금천구","서울특별시 금천구 독산로 1904층 (독산동)"
"1318해피존새움터지역아동센터","B2282","(아동) 지역아동센터","아동복지시설","자치구","문혜숙","1121500000","광진구","서울특별시 광진구 자양로 71-7희년의집 3층"
"우리들공부방지역아동센터","B2313","(아동) 지역아동센터","아동복지시설","자치구","천인숙","1120000000","성동구","서울특별시 성동구 성수일로4가길 7 (성수동2가)"
"나비훨훨지역아동센터","B2317","(아동) 지역아동센터","아동복지시설","자치구","안성영","1114000000","중구","서울특별시 중구 다산로 752층"
"신양하늘꿈지역아동센터","B2319","(아동) 지역아동센터","아동복지시설","자치구","이명희","1121500000","광진구","서울특별시 광진구 동일로 44-10 (자양동)"
"조이스터디지역아동센터","B2326","(아동) 지역아동센터","아동복지시설","자치구","신선영","1120000000","성동구","서울특별시 성동구 청계천로10다길 34-143층"
"마리스타지역아동센터","B2348","(아동) 지역아동센터","아동복지시설","자치구","유완희","1144000000","마포구","서울특별시 마포구 토정로2길 37"
"푸른공부방지역아동센터","B2352","(아동) 지역아동센터","아동복지시설","자치구","이정순","1156000000","영등포구","서울특별시 영등포구 양산로 138-1 (당산동1가)"
"지역아동센터열린공부방","B2356","(아동) 지역아동센터","아동복지시설","자치구","양승일","1144000000","마포구","서울특별시 마포구 월드컵북로48길 8"
"만나지역아동센터","B2370","(아동) 지역아동센터","아동복지시설","자치구","김영숙","1126000000","중랑구","서울특별시 중랑구 동일로 620"
"참좋은지역아동센터","B2382","(아동) 지역아동센터","아동복지시설","자치구","김제리","1126000000","중랑구","서울특별시 중랑구 용마산로 442-1"
"사르넬리지역아동센터","B2383","(아동) 지역아동센터","아동복지시설","자치구","김소은","1156000000","영등포구","서울특별시 영등포구 대림로22길 40"
"꿈나래지역아동센터","B2385","(아동) 지역아동센터","아동복지시설","자치구","김명화","1121500000","광진구","서울특별시 광진구 영화사로 93층"
"성심지역아동센터","B2386","(아동) 지역아동센터","아동복지시설","자치구","이재옥","1126000000","중랑구","서울특별시 중랑구 용마산로94길 88"
"밝은내지역아동센터","B2395","(아동) 지역아동센터","아동복지시설","자치구","주현정","1147000000","양천구","서울특별시 양천구 신월로24길 19-03층"
"엘림지역아동센터","B2407","(아동) 지역아동센터","아동복지시설","자치구","조재선","1144000000","마포구","서울특별시 마포구 방울내로 53"
"용산지역아동복지센터","B2408","(아동) 지역아동센터(지역아동복지센터)","아동복지시설","자치구","방애영","1117000000","용산구","서울특별시 용산구 소월로2나길 18 (후암동)"
"온세계지역아동센터","B2412","(아동) 지역아동센터","아동복지시설","자치구","이경란","1126000000","중랑구","서울특별시 중랑구 용마공원로 16영진빌딩3층"
"화곡지역아동센터","B2413","(아동) 지역아동센터","아동복지시설","자치구","최덕성","1150000000","강서구","서울특별시 강서구 등촌로5길 79"
"강서지역아동복지센터","B2418","(아동) 지역아동센터(지역아동복지센터)","아동복지시설","자치구","박국자","1150000000","강서구","서울특별시 강서구 금낭화로26가길 120"
"주함지역아동센터","B2432","(아동) 지역아동센터","아동복지시설","자치구","주현구","1150000000","강서구","서울특별시 강서구 강서로18길 414층 (화곡동)"
"꿈나무들의둥지지역아동센터","B2441","(아동) 지역아동센터","아동복지시설","자치구","권필녀","1147000000","양천구","서울특별시 양천구 목동중앙북로8길 104목동종합사회복지관"
"동작이수지역아동센터","B2451","(아동) 지역아동센터","아동복지시설","자치구","김봉준","1159000000","동작구","서울특별시 동작구 동작대로35차길 7"
"자광아동가정상담원","B2458","(아동) 아동상담소","아동복지시설","자치구","조혜수","1126000000","중랑구","서울특별시 중랑구 상봉로 7서일타운 2층"
"대방지역아동센터","B2466","(아동) 지역아동센터","아동복지시설","자치구","정화원","1159000000","동작구","서울특별시 동작구 여의대방로44길 47"
"마루아라지역아동센터","B2467","(아동) 지역아동센터","아동복지시설","자치구","배진희","1126000000","중랑구","서울특별시 중랑구 신내로 1152층"
"e-좋은만남","B2569","(아동) 공동생활가정","아동복지시설","자치구","김레지나","1153000000","구로구","서울특별시 구로구 고척로27나길 28-10 (고척동)(고척동)"
"오류마을","B2601","(아동) 아동양육시설","아동복지시설","자치구","김혜숙","1153000000","구로구","서울특별시 구로구 오류로8길 84 (오류동)"
"옹달샘지역아동센터","B2644","(아동) 지역아동센터","아동복지시설","자치구","신정숙","1144000000","마포구","서울특별시 마포구 월드컵로7길 41"
"지역아동센터나눔공부방","B2651","(아동) 지역아동센터","아동복지시설","자치구","김명희","1144000000","마포구","서울특별시 마포구 아현동678-7"
"성산행복한홈스쿨","B2730","(아동) 지역아동센터","아동복지시설","자치구","편지은","1144000000","마포구","서울특별시 마포구 포은로 30"
"지역아동센터사랑의공부방","B2752","(아동) 지역아동센터","아동복지시설","자치구","최윤정","1130500000","강북구","서울특별시 강북구 한천로105길 33-0유치원상가 3층"
"돌산공부방 지역아동센터","B2791","(아동) 지역아동센터","아동복지시설","자치구","이현정","1130500000","강북구","서울특별시 강북구 솔샘로 272-03층"
"예닮의집","B2810","(아동) 공동생활가정","아동복지시설","자치구","장영숙","1130500000","강북구","서울특별시 강북구 화계사길 5-15(수유동461-97)"
"서울마포아동보호전문기관","B2814","(아동) 공동생활가정","아동복지시설","자치구","임용순","1144000000","마포구","서울특별시 마포구 독막로20길 512층"
"마자렐로센터","B2823","(아동) 아동보호치료시설","아동복지시설","자치구","김현숙","1156000000","영등포구","서울특별시 영등포구 신길로 93 (신길동)"
"구로푸른학교지역아동센터","B2845","(아동) 지역아동센터","아동복지시설","자치구","모희자","1153000000","구로구","서울특별시 구로구 가마산로23길 272층 (구로동)"
"성동좋은이웃지역아동센터","B2849","(아동) 지역아동센터","아동복지시설","자치구","김영주","1120000000","성동구","서울특별시 성동구 용답중앙길 942층"
"난향지역아동센터","B2873","(아동) 지역아동센터","아동복지시설","자치구","김두열","1162000000","관악구","서울특별시 관악구 난향7길 23층"
"지역아동센터도깨비방망이공부방","B2880","(아동) 지역아동센터","아동복지시설","자치구","이수경","1120000000","성동구","서울특별시 성동구 성덕정길 702층"
"예성의집","B2885","(아동) 공동생활가정","아동복지시설","자치구","이진희","1171000000","송파구","서울특별시 송파구 성내천로 77-04층"
"아름드리지역아동센터","B2890","(아동) 지역아동센터","아동복지시설","자치구","이우영","1147000000","양천구","서울특별시 양천구 신목로2길 11304호 (신정동 청구아파트)"
"푸른샘지역아동센터","B2893","(아동) 지역아동센터","아동복지시설","자치구","윤종광","1154500000","금천구","서울특별시 금천구 독산로 24922-36"
"해뜨는집","B2894","(아동) 공동생활가정","아동복지시설","자치구","최선이","1171000000","송파구","서울특별시 송파구 송파대로34가길 28 (송파동)"
"샬롬의집","B2900","(아동) 공동생활가정","아동복지시설","자치구","박은미","1162000000","관악구","서울특별시 관악구 쑥고개로 49-52층"
"삼동지역아동센터","B2933","(아동) 지역아동센터","아동복지시설","자치구","송성희","1130500000","강북구","서울특별시 강북구 번동3동 주공아파트 201동 212호"
"마로니에지역아동센터","B2950","(아동) 지역아동센터","아동복지시설","자치구","이금숙","1111000000","종로구","서울특별시 종로구 이화장길 94"
"꿈나무공부방","B2952","(아동) 지역아동센터","아동복지시설","자치구","최보경","1162000000","관악구","서울특별시 관악구 난향12길 26"
"아모텍오디가정","B2956","(아동) 공동생활가정","아동복지시설","자치구","서광숙","1162000000","관악구","서울특별시 관악구 난곡로34나길 40401호"
"마을 속 작은학교","B2966","(아동) 지역아동센터","아동복지시설","자치구","강선미","1130500000","강북구","서울특별시 강북구 삼양로118길 33 (수유동)"
"해송지역아동센터","B2967","(아동) 지역아동센터","아동복지시설","자치구","조은숙","1111000000","종로구","서울특별시 종로구 낙산성곽동길 59-10"
"비전지역아동센터","B2982","(아동) 지역아동센터","아동복지시설","자치구","송수자","1154500000","금천구","서울특별시 금천구 독산로22길 602층"
"R&T지역아동센터","B2984","(아동) 지역아동센터","아동복지시설","자치구","남성우","1171000000","송파구","서울특별시 송파구 중대로36길 172층"
"해성 지역아동센터","B2991","(아동) 지역아동센터","아동복지시설","자치구","김성숙","1162000000","관악구","서울특별시 관악구 관악로 287상가동 310호 (봉천동)(봉천동)"
"중앙지역아동센터","B3017","(아동) 지역아동센터","아동복지시설","자치구","유찬숙","1111000000","종로구","서울특별시 종로구 충신길 22중앙성결교회 교육관 3층"
"광동지역아동센터","B3032","(아동) 지역아동센터","아동복지시설","자치구","이경미","1162000000","관악구","서울특별시 관악구 행운2길 282층 (봉천동)"
"디딤터","B3046","(아동) 공동생활가정","아동복지시설","자치구","한윤희","1141000000","서대문구","서울특별시 서대문구 북아현로14길 25-22층"
"희망신나는집문화학교","B3061","(아동) 지역아동센터","아동복지시설","자치구","김선희","1162000000","관악구","서울특별시 관악구 중앙길 751~2층"
"참좋은 지역아동센터","B3063","(아동) 지역아동센터","아동복지시설","자치구","곽지연","1162000000","관악구","서울특별시 관악구 난우길 412층"
"민영지역아동센터","B3064","(아동) 지역아동센터","아동복지시설","자치구","박광신","1162000000","관악구","서울특별시 관악구 난우길 45 2층"
"섬김의집","B3084","(아동) 지역아동센터","아동복지시설","자치구","진현정","1162000000","관악구","서울특별시 관악구 원신길 149 1~3층 (신림동)"
"은천지역아동센터","B3091","(아동) 지역아동센터","아동복지시설","자치구","정여정","1162000000","관악구","서울특별시 관악구 관천로 119"
"마음터지역아동센터","B3138","(아동) 지역아동센터","아동복지시설","자치구","박경숙","1135000000","노원구","서울특별시 노원구 덕릉로 8493층 (상계동)"
"행복한우리집","B3151","(아동) 공동생활가정","아동복지시설","자치구","나인채","1162000000","관악구","서울특별시 관악구 국회단지길 67(봉천동)"
"종로지역아동센터","B3165","(아동) 지역아동센터","아동복지시설","자치구","이재원","1111000000","종로구","서울특별시 종로구 지봉로13길 82"
"성터지역아동센터","B3167","(아동) 지역아동센터","아동복지시설","자치구","이경옥","1111000000","종로구","서울특별시 종로구 창신2동 640-240 1층640-240"
"샛별지역아동센터","B3169","(아동) 지역아동센터","아동복지시설","자치구","송영숙","1135000000","노원구","서울특별시 노원구 동일로237길 92301호"
"한누리아동센터","B3170","(아동) 지역아동센터","아동복지시설","자치구","현수지","1111000000","종로구","서울특별시 종로구 통일로12길 16-5한누리 지역아동센터 (무악동)"
"연동지역아동센터","B3218","(아동) 지역아동센터","아동복지시설","자치구","김수미","1111000000","종로구","서울특별시 종로구 대학로3길 9가나의 집 "
"한길지역아동센터","B3230","(아동) 지역아동센터","아동복지시설","자치구","허정숙","1123000000","동대문구","서울특별시 동대문구 외대역동로 101중앙하이츠상가 203호 204호 (이문동 중앙하이츠빌)(이문동 중앙하이츠빌)"
"선한지역아동센터","B3253","(아동) 지역아동센터","아동복지시설","자치구","전일순","1159000000","동작구","서울특별시 동작구 서달로 110-10 (흑석동)"
"염광지역아동센터빛나는집","B3256","(아동) 지역아동센터","아동복지시설","자치구","전두호","1123000000","동대문구","서울특별시 동대문구 전농로16길 83-0염광지역아동센터"
"샘지역아동센터","B3259","(아동) 지역아동센터","아동복지시설","자치구","김정민","1159000000","동작구","서울특별시 동작구 여의대방로22나길 82"
"소망을찾는이","B3266","(아동) 지역아동센터","아동복지시설","자치구","도경화","1117000000","용산구","서울특별시 용산구 두텁바위로1길 70(후암동)"
"참사랑지역아동센터","B3273","(아동) 지역아동센터","아동복지시설","자치구","문남순","1126000000","중랑구","서울특별시 중랑구 면목로48길 563층"
"큰사랑공부방","B3353","(아동) 지역아동센터","아동복지시설","자치구","한소영","1165000000","서초구","서울특별시 서초구 방배로13길 292층(방배동)"
"서초지역아동센터","B3372","(아동) 지역아동센터","아동복지시설","자치구","한상길","1165000000","서초구","서울특별시 서초구 방배천로8길 35-32층 (방배동)"
"상록지역아동복지센터","B3416","(아동) 지역아동센터(지역아동복지센터)","아동복지시설","자치구","부청하","1162000000","관악구","서울특별시 관악구 남현길 63 (남현동)(남현동)"
"성광지역아동센터","B3528","(아동) 지역아동센터","아동복지시설","자치구","조미옥","1129000000","성북구","서울특별시 성북구 보국문로16길 87"
"예꿈의집","B3576","(아동) 아동양육시설","아동복지시설","자치구","이옥주","1126000000","중랑구","서울특별시 중랑구 중랑천로29길 14-5"
"방학동지역아동센터","B3593","(아동) 지역아동센터","아동복지시설","자치구","박상진","1132000000","도봉구","서울특별시 도봉구 시루봉로 88성원프라자 3층 (쌍문동)"
"동서울지역아동복지센터","B3619","(아동) 지역아동센터(지역아동복지센터)","아동복지시설","자치구","이영숙","1174000000","강동구","서울특별시 강동구 천호대로186길 21 (둔촌동)"
"금빛지역아동센터","B3634","(아동) 지역아동센터","아동복지시설","자치구","조남준","1135000000","노원구","서울특별시 노원구 상계로26길 203층 대동아파트상가 (상계동 대동청솔아파트)"
"한믿음지역아동센터","B3636","(아동) 지역아동센터","아동복지시설","자치구","양미자","1156000000","영등포구","서울특별시 영등포구 대방천로12길 5-2"
"진관지역아동센터","B3658","(아동) 지역아동센터","아동복지시설","자치구","이성진","1138000000","은평구","서울특별시 은평구 진관2로 29-12 (진관동)"
"민들레샘물 지역아동센터","B3668","(아동) 지역아동센터","아동복지시설","자치구","호지연","1162000000","관악구","서울특별시 관악구 대학20길 27103동 105호 (신림동 현대아파트)"
"쌍문지역아동센터","B3669","(아동) 지역아동센터","아동복지시설","자치구","김진미","1132000000","도봉구","서울특별시 도봉구노해로41길 46 (쌍문동)291-7"
"도봉지역아동센터","B3680","(아동) 지역아동센터","아동복지시설","자치구","정지영","1132000000","도봉구","서울특별시 도봉구 도봉1동 도당로19길68"
"열림지역아동센터","B3683","(아동) 지역아동센터","아동복지시설","자치구","김진천","1135000000","노원구","서울특별시 노원구 동일로231다길 6열림교회 (상계동)"
"생명나무지역아동꿈터","B3693","(아동) 지역아동센터","아동복지시설","자치구","선우인정","1117000000","용산구","서울특별시 용산구 백범로43길 2지1층 (효창동)"
"성심중앙지역아동센터","B3695","(아동) 지역아동센터","아동복지시설","자치구","나석준","1130500000","강북구","서울특별시 강북구 삼양로117길 58"
"애신","B3696","(아동) 공동생활가정","아동복지시설","자치구","김진희","1141000000","서대문구","서울특별시 서대문구 명지대1라길 6애신 (남가좌동)"
"나눔지역아동센터","B3711","(아동) 지역아동센터","아동복지시설","자치구","김옥란","1159000000","동작구","서울특별시 동작구 신대방2나길 22 (신대방동)"
"작은사랑서울지역아동센터","B3712","(아동) 지역아동센터","아동복지시설","자치구","김혜란","1159000000","동작구","서울특별시 동작구 대방동6길 21드림빌라트 3차 103호 (상도동 드림빌라트3차)"
"비젼학교지역아동센터","B3719","(아동) 지역아동센터","아동복지시설","자치구","최선열","1168000000","강남구","서울특별시 강남구 일원로3길 382층 (일원동)"
"진성지역아동센터","B3727","(아동) 지역아동센터","아동복지시설","자치구","임정민","1121500000","광진구","서울특별시 광진구 용마산로26길 10"
"희망지역아동센터","B3743","(아동) 지역아동센터","아동복지시설","자치구","하순정","1150000000","강서구","서울특별시 강서구 강서로56길 963층 (등촌동)"
"시립아동상담치료센터","B3744","(아동) 아동종합시설","아동복지시설","자치구","김영렬","1123000000","동대문구","서울특별시 동대문구 답십리로69길 106(장안동)"
"삼동지역아동복지센터","B3763","(아동) 지역아동센터(지역아동복지센터)","아동복지시설","자치구","현재우","1144000000","마포구","서울특별시 마포구 가양대로 124-0"
"비둘기지역아동센터","B3783","(아동) 지역아동센터","아동복지시설","자치구","김현숙","1147000000","양천구","서울특별시 양천구 지양로3길 7 (신월동)"
"점프지역아동센터","B3786","(아동) 지역아동센터","아동복지시설","자치구","강명희","1165000000","서초구","서울특별시 서초구 언남12길 81층 (양재동)"
"들꽃청소년지역아동센터","B3788","(아동) 지역아동센터","아동복지시설","자치구","정송이","1174000000","강동구","서울특별시 강동구 천중로 392층 (천호동)"
"시냇가에심은나무","B3800","(아동) 지역아동센터","아동복지시설","자치구","조미옥","1144000000","마포구","서울특별시 마포구 새창로4라길 32층 (도화동)(도화동)"
"두레민들레교실","B3802","(아동) 지역아동센터","아동복지시설","자치구","신승희","1156000000","영등포구","서울특별시 영등포구 버드나루로14가길 14-0121-156"
"아름다운행복한홈스쿨지역아동센터","B3808","(아동) 지역아동센터","아동복지시설","자치구","윤지은","1174000000","강동구","서울특별시 강동구 상암로47길 80-72층 (명일동)"
"명성지역아동센터","B3813","(아동) 지역아동센터","아동복지시설","자치구","박명숙","1174000000","강동구","서울특별시 강동구 천중로35길 73-7 (천호동)"
"하늘지역아동센터","B3825","(아동) 지역아동센터","아동복지시설","자치구","박숙희","1162000000","관악구","서울특별시 관악구 신림로 171201호"
"그루터기배움터지역아동센터","B3838","(아동) 지역아동센터","아동복지시설","자치구","이명희","1153000000","구로구","서울특별시 구로구 고척로21나길 173층 (개봉동)"
"옥토지역아동센터","B3846","(아동) 지역아동센터","아동복지시설","자치구","홍정민","1144000000","마포구","서울특별시 마포구 토정로16길 19 (현석동)"
"서울지역아동센터","B3944","(아동) 지역아동센터","아동복지시설","자치구","박혜신","1126000000","중랑구","서울특별시 중랑구 겸재로35길 38-0"
"한울지역아동센터","B3949","(아동) 지역아동센터","아동복지시설","자치구","황미희","1156000000","영등포구","서울특별시 영등포구 가마산로46가길 102층 (대림동)"
"암사꿈나무지역아동센터","B3951","(아동) 지역아동센터","아동복지시설","자치구","박소영","1174000000","강동구","서울특별시 강동구 상암로 89 (암사동)"
"사무엘지역아동센터","B3988","(아동) 지역아동센터","아동복지시설","자치구","송민하","1147000000","양천구","서울특별시 양천구 남부순환로54길 9 (신월동)"
"이웃사랑일원지역아동센터","B4010","(아동) 지역아동센터","아동복지시설","자치구","허윤정","1168000000","강남구","서울특별시 강남구 개포로 6382층 (일원동)"
"하늬네","B4015","(아동) 공동생활가정","아동복지시설","자치구","이경희","1135000000","노원구","서울특별시 노원구 한글비석로49길 20상계주택301호"
"꿈나래지역아동센터","B4024","(아동) 지역아동센터","아동복지시설","자치구","이정은","1129000000","성북구","서울특별시 성북구 정릉로 2803층 (정릉동)"
"사랑의 지역아동센터","B4031","(아동) 지역아동센터","아동복지시설","자치구","최용규","1154500000","금천구","서울특별시 금천구 시흥대로104길 36 (독산동)"
"으뜸지역아동센터","B4055","(아동) 지역아동센터","아동복지시설","자치구","이성희","1130500000","강북구","서울특별시 강북구 4.19로 23나-2호 (수유동)"
"경향지역아동센터","B4057","(아동) 지역아동센터","아동복지시설","자치구","이은숙","1150000000","강서구","서울특별시 강서구 화곡로63길 19(등촌동) "
"망원무지개지역아동센터","B4104","(아동) 지역아동센터","아동복지시설","자치구","조지혜","1144000000","마포구","서울특별시 마포구 월드컵로25길 583층 망원무지개지역아동센터 (망원동)"
"선유지역아동센터","B4126","(아동) 지역아동센터","아동복지시설","자치구","박민자","1156000000","영등포구","서울특별시 영등포구 선유로24길 3-3"
"금천영재지역아동센터","B4197","(아동) 지역아동센터","아동복지시설","자치구","조원근","1154500000","금천구","서울특별시 금천구 시흥대로18길 163층 (시흥동)(시흥동)"
"면목지역아동센터","B4198","(아동) 지역아동센터","아동복지시설","자치구","장예원","1126000000","중랑구","서울특별시 중랑구 면목로33길 79 (면목동347)"
"드림한누리지역아동센터","B4207","(아동) 지역아동센터","아동복지시설","자치구","김현주","1162000000","관악구","서울특별시 관악구 구암길 106관리사무소 3층 (봉천동 관악드림타운아파트)"
"차오름지역아동센터","B4226","(아동) 지역아동센터","아동복지시설","자치구","장미숙","1126000000","중랑구","서울특별시 중랑구 상봉로 493층"
"아담스지역아동센터","B4237","(아동) 지역아동센터","아동복지시설","자치구","최경화","1162000000","관악구","서울특별시 관악구 난곡로20길 173층"
"해피엘지역아동센터","B4248","(아동) 지역아동센터","아동복지시설","자치구","박효정","1121500000","광진구","서울특별시 광진구 자양번영로 16-02층"
"행복무지개공부방지역아동센터","B4264","(아동) 지역아동센터","아동복지시설","자치구","강창구","1144000000","마포구","서울특별시 마포구 성미산로10길 362층 (서교동)(서교동)"
"살레시오양천나눔의집","B4271","(아동) 공동생활가정","아동복지시설","자치구","장호은","1147000000","양천구","서울특별시 양천구 남부순환로54길 374층 (신월동)"
"중동지역아동센터","B4277","(아동) 지역아동센터","아동복지시설","자치구","유미영","1120000000","성동구","서울특별시 성동구 서울숲6길 15"
"성모의집","B4291","(아동) 공동생활가정","아동복지시설","자치구","김에스텔","1138000000","은평구","서울특별시 은평구 가좌로12길 15103동 101호 (신사동 은평신사두산위브2차)"
"동그라미지역아동센터","B4306","(아동) 지역아동센터","아동복지시설","자치구","반지영","1126000000","중랑구","서울특별시 중랑구 겸재로9길 152층 "
"서대문지역아동복지센터","B4307","(아동) 아동양육시설","아동복지시설","자치구","권명심","1141000000","서대문구","서울특별시 서대문구 송죽길 23"
"빛나라공부방(지역아동센터)","B4316","(아동) 지역아동센터","아동복지시설","자치구","박순녀","1117000000","용산구","서울특별시 용산구 한강대로104길 41 (동자동)"
"흑석지역아동센터","B4331","(아동) 지역아동센터","아동복지시설","자치구","이숙희","1159000000","동작구","서울특별시 동작구 흑석동명수대현대아파트 B상가 401호"
"송천동지역아동센터","B4335","(아동) 지역아동센터","아동복지시설","자치구","오세옥","1130500000","강북구","서울특별시 강북구 솔샘로 2713층"
"상도푸른지역아동센터","B4338","(아동) 지역아동센터","아동복지시설","자치구","조미선","1159000000","동작구","서울특별시 동작구 양녕로28길 35-0"
"무지개지역아동센터","B4350","(아동) 지역아동센터","아동복지시설","자치구","윤선미","1132000000","도봉구","서울특별시 도봉구 방학로3길 116"
"다락지역아동센터","B4363","(아동) 지역아동센터","아동복지시설","자치구","강선희","1141000000","서대문구","서울특별시 서대문구 독립문공원길95독립문극동아파트 제2관리사무소 3층"
"관악청소년 지역아동센터","B4369","(아동) 지역아동센터","아동복지시설","자치구","한성진","1162000000","관악구","서울특별시 관악구 난곡로63길 653층"
"나래지역아동센터","B8141","(아동) 지역아동센터","아동복지시설","자치구","김지영","1174000000","강동구","서울특별시 강동구 천중로53길 212층 (길동)"
"메리워드지역아동센터","B8143","(아동) 지역아동센터","아동복지시설","자치구","최미혜","1153000000","구로구","서울특별시 구로구 고척로 49210동 상가동 3층 (오류동 동부골든아파트)"
"좋은친구들","B8144","(아동) 지역아동센터","아동복지시설","자치구","조수진","1159000000","동작구","서울특별시 동작구 동작대로13길 342층"
"좋은사람들지역아동센터","B8149","(아동) 지역아동센터","아동복지시설","자치구","황수미","1150000000","강서구","서울특별시 강서구 화곡로31길 392층"
"살레시오신월3동나눔의집","B8178","(아동) 공동생활가정","아동복지시설","자치구","박진영","1147000000","양천구","서울특별시 양천구 남부순환로54길 3723층"
"서라벌아카데미지역아동센터","B8182","(아동) 지역아동센터","아동복지시설","자치구","박중규","1130500000","강북구","서울특별시 강북구 삼양로 6173층"
"한살림서울생활협동조합 용산지역아동센터 ","B8191","(아동) 지역아동센터","아동복지시설","자치구","최지원","1117000000","용산구","서울특별시 용산구 효창원로94길 234층 (청파동1가)"
"동방영아일시보호소","B8200","(아동) 아동양육시설","아동복지시설","자치구","","1141000000","서대문구","서울특별시 서대문구 연희로 26동방사회복지회"
"새터민청소년그룹홈<가족>","B8201","(아동) 공동생활가정","아동복지시설","자치구","김태훈","1129000000","성북구","서울특별시 성북구 북악산로1다길 7북악산로 1다길 3 1층"
"늘사랑지역아동센터","B8208","(아동) 지역아동센터","아동복지시설","자치구","김영신","1132000000","도봉구","서울특별시 도봉구 마들로11길 25동산빌딩 401호"
"서울특별시아동복지센터","B8214","(아동) 아동종합시설","아동복지시설","자치구","이기영","1168000000","강남구","서울특별시 강남구 광평로34길 124서울특별시아동복지센터수서동"
"동방사회복지회 서울아동상담소","B8217","(아동) 아동양육시설","아동복지시설","자치구","","1141000000","서대문구","서울특별시 서대문구 연희로26(창천동 493번지)"
"우신지역아동센터","B8242","(아동) 지역아동센터","아동복지시설","자치구","이향란","1153000000","구로구","서울특별시 구로구 오리로 1265우신상가 304호 (궁동 우신빌라)"
"씨앗지역아동센터","B8245","(아동) 지역아동센터","아동복지시설","자치구","이동성","1132000000","도봉구","서울특별시 도봉구 도봉로 901부성빌딩 202호"
"풍성한지역아동센터","B8250","(아동) 지역아동센터","아동복지시설","자치구","유재인","1117000000","용산구","서울특별시 용산구 보광로 542층 (보광동)"
"돈암동교회모퉁이돌지역아동센터","B8340","(아동) 지역아동센터","아동복지시설","자치구","이영희","1129000000","성북구","서울특별시 성북구 아리랑로6가길 37"
"길동지역아동센터","B8344","(아동) 지역아동센터","아동복지시설","자치구","임완주","1174000000","강동구","서울특별시 강동구 천호대로187길 302층 (길동)"
"나눔플러스지역아동센터","B8348","(아동) 지역아동센터","아동복지시설","자치구","강석환","1132000000","도봉구","서울특별시 도봉구 도봉로 109길40"
"보물섬지역아동센터","B8368","(아동) 지역아동센터","아동복지시설","자치구","이현직","1138000000","은평구","서울특별시 은평구 갈현로15길 46102호 (구산동 명남빌라트)"
"동방지역아동센터","B8375","(아동) 지역아동센터","아동복지시설","자치구","최정희","1138000000","은평구","서울특별시 은평구 갈현로 29신사코아아파트 상가 202호"
"새하늘지역아동센터","B8381","(아동) 지역아동센터","아동복지시설","자치구","이은혜","1150000000","강서구","서울특별시 강서구 화곡로24길 161층"
"장안지역아동센터","B8386","(아동) 지역아동센터","아동복지시설","자치구","유세정","1123000000","동대문구","서울특별시 동대문구 한천로 85인오빌딩 4층"
"기쁨지역아동센터","B8390","(아동) 지역아동센터","아동복지시설","자치구","이미숙","1171000000","송파구","서울특별시 송파구 송이로34길 551층"
"중랑재미지역아동센터","B8393","(아동) 지역아동센터","아동복지시설","자치구","최경희","1126000000","중랑구","서울특별시 중랑구 용마공원로 7-3"
"소망의집지역아동센터","B8404","(아동) 지역아동센터","아동복지시설","자치구","이민화","1138000000","은평구","서울특별시 은평구 역말로10길 30-13층"
"좋은친구청소년지역아동센터","B8405","(아동) 지역아동센터","아동복지시설","자치구","박민선","1150000000","강서구","서울특별시 강서구 가로공원로 237-0(화곡동 2층)"
"갈현지역아동센터","B8408","(아동) 지역아동센터","아동복지시설","자치구","하혜영","1138000000","은평구","서울특별시 은평구 갈현로 282"
"희망샘지역아동센터","B8409","(아동) 지역아동센터","아동복지시설","자치구","이경선","1121500000","광진구","서울특별시 광진구 긴고랑로 137"
"솔로몬지역아동센터","B8420","(아동) 지역아동센터","아동복지시설","자치구","피윤희","1156000000","영등포구","서울특별시 영등포구 양평로30가길 1919-0 2층"
"성산교회부설 한우리지역아동센터","B8422","(아동) 지역아동센터","아동복지시설","자치구","오현아","1162000000","관악구","서울특별시 관악구 낙성대역14가길 72층"
"동원지역아동센터","B8473","(아동) 지역아동센터","아동복지시설","자치구","김강자","1126000000","중랑구","서울특별시 중랑구 면목로56길 38"
"원광지역아동센터","B8481","(아동) 지역아동센터","아동복지시설","자치구","황미정","1123000000","동대문구","서울특별시 동대문구 사가정로15길 47 (전농동)"
"이레지역아동센터","B8512","(아동) 지역아동센터","아동복지시설","자치구","강명옥","1138000000","은평구","서울특별시 은평구 연서로 35-04층"
"푸르미지역아동센터","B8523","(아동) 지역아동센터","아동복지시설","자치구","방호식","1153000000","구로구","서울특별시 구로구 경서로 47502호 503호 (고척동)"
"베다니꿈나무지역아동센터","B8544","(아동) 지역아동센터","아동복지시설","자치구","박계숙","1147000000","양천구","서울특별시 양천구 남부순환로65길 12-22층"
"위캔지역아동센터","B8545","(아동) 지역아동센터","아동복지시설","자치구","최선영","1150000000","강서구","서울특별시 강서구 까치산로12길 8-164층"
"청솔지역아동센터","B8558","(아동) 지역아동센터","아동복지시설","자치구","김철희","1162000000","관악구","서울특별시 관악구 남부순환로161가길 712층"
"오예스청소년지역아동센터","B8561","(아동) 지역아동센터","아동복지시설","자치구","이숙희","1154500000","금천구","서울특별시 금천구 독산로64길 50 (독산동)"
"사비오그룹홈","B8574","(아동) 공동생활가정","아동복지시설","자치구","백명옥","1121500000","광진구","서울특별시 광진구 자양로44길 149-02층"
"멘토지역아동센터","B8589","(아동) 지역아동센터","아동복지시설","자치구","장희주","1154500000","금천구","서울특별시 금천구 독산로40길 261층"
"푸른하늘지역아동센터","B8600","(아동) 지역아동센터","아동복지시설","자치구","김희경","1129000000","성북구","서울특별시 성북구 장위로40길 6"
"영라이프그룹홈","B8635","(아동) 공동생활가정","아동복지시설","자치구","김영화","1138000000","은평구","서울특별시 은평구 연서로37가길 23-1201호"
"제일강동지역아동센터","B8654","(아동) 지역아동센터","아동복지시설","자치구","이수정","1174000000","강동구","서울특별시 강동구 양재대로128길 53301호 (길동)"
"신나는지역아동센터","B8665","(아동) 지역아동센터","아동복지시설","자치구","엄창식","1135000000","노원구","서울특별시 노원구 중계로14가길 293층 (중계동)(중계동)"
"세림지역아동센터","B8694","(아동) 지역아동센터","아동복지시설","자치구","김일부","1154500000","금천구","서울특별시 금천구 금하로 658"
"조원지역아동센터","B8700","(아동) 지역아동센터","아동복지시설","자치구","이소영","1162000000","관악구","서울특별시 관악구 조원중앙로2길 711층"
"참솔지역아동센터","B8722","(아동) 지역아동센터","아동복지시설","자치구","서행심","1132000000","도봉구","서울특별시 도봉구 시루봉로 193-02층"
"행복한지역아동센터","B8728","(아동) 지역아동센터","아동복지시설","자치구","이지현","1138000000","은평구","서울특별시 은평구 연서로 392층3층"
"도서관 속 별난학교 지역아동센터","B8747","(아동) 지역아동센터","아동복지시설","자치구","최지선","1132000000","도봉구","서울특별시 도봉구 방학로 200-202층 (방학동)"
"살구지역아동센터","B8752","(아동) 지역아동센터","아동복지시설","자치구","이윤경","1154500000","금천구","서울특별시 금천구 시흥대로148길 27 (독산동)"
"아름다운지역아동센터","B8768","(아동) 지역아동센터","아동복지시설","자치구","장경필","1132000000","도봉구","서울특별시 도봉구 도봉로104길 632층"
"하늘지역아동센터","B8801","(아동) 지역아동센터","아동복지시설","자치구","유승재","1154500000","금천구","서울특별시 금천구 문성로 122층"
"성동지역아동복지센터","B8814","(아동) 지역아동센터(지역아동복지센터)","아동복지시설","자치구","이소영","1120000000","성동구","서울특별시 성동구 왕십리로21라길 11(하왕십리동)"
"겨레얼학교지역아동센터","B8834","(아동) 지역아동센터","아동복지시설","자치구","순영옥","1147000000","양천구","서울특별시 양천구 가로공원로60길 15 (신월동)"
"무학지역아동센터","B8863","(아동) 지역아동센터","아동복지시설","자치구","박은정","1120000000","성동구","서울특별시 성동구 왕십리로31나길 292층 (하왕십리동)"
"행복한지역아동센터","B8873","(아동) 지역아동센터","아동복지시설","자치구","김현지","1162000000","관악구","서울특별시 관악구 법원단지13길 22 (신림동)(신림동)"
"우리지역아동센터","B8875","(아동) 지역아동센터","아동복지시설","자치구","이용순","1147000000","양천구","서울특별시 양천구 중앙로51길 362층"
"한길지역아동센터","B8928","(아동) 지역아동센터","아동복지시설","자치구","김옥열","1150000000","강서구","서울특별시 강서구 공항대로65길 21-0상가 1층"
"예사랑지역아동센터","B8939","(아동) 지역아동센터","아동복지시설","자치구","이수영","1159000000","동작구","서울특별시 동작구 장승배기로10가길 124-02층(예사랑교회)"
"아이들의울타리지역아동센터","B8944","(아동) 지역아동센터","아동복지시설","자치구","박미경","1159000000","동작구","서울특별시 동작구 장승배기로20길 8201호"
"아름다운지역아동센터","B8953","(아동) 지역아동센터","아동복지시설","자치구","신정애","1171000000","송파구","서울특별시 송파구 중대로16길 9301호"
"독산1동지역아동센터","B8963","(아동) 지역아동센터","아동복지시설","자치구","유명철","1154500000","금천구","서울특별시 금천구 벚꽃로 73상가 306호"
"Ah'늘함께지역아동복지센터","B8968","(아동) 지역아동센터","아동복지시설","자치구","조성아","1138000000","은평구","서울특별시 은평구 갈현로11길30 (구산동) 은평천사원내"
"동그라미지역아동센터","B8969","(아동) 지역아동센터","아동복지시설","자치구","이애자","1138000000","은평구","서울특별시 은평구 갈현로41길 9 (갈현동)"
"푸른나무지역아동센터","B8993","(아동) 지역아동센터","아동복지시설","자치구","설현순","1159000000","동작구","서울특별시 동작구 흑석한강로 134층 (흑석동)"
"흑석희망지역아동센터","B9042","(아동) 지역아동센터","아동복지시설","자치구","심후석","1159000000","동작구","서울특별시 동작구 흑석동10번지 명수대현대아파트 B상가 4층 402호"
"금천행복한지역아동센터","B9052","(아동) 지역아동센터","아동복지시설","자치구","김용희","1154500000","금천구","서울특별시 금천구 독산로119 3층 (시흥동)"
"청소년1318해피존나무를심는학교","B9053","(아동) 지역아동센터","아동복지시설","자치구","이바울","1141000000","서대문구","서울특별시 서대문구 북아현로14길 55"
"나누리지역아동센터","B9071","(아동) 지역아동센터","아동복지시설","자치구","황삼연","1123000000","동대문구","서울특별시 동대문구 전농로17길 7나누리지역아동센터"
"신광지역아동센터","B9098","(아동) 지역아동센터","아동복지시설","자치구","유수현","1154500000","금천구","서울특별시 금천구 한내로69-15 주공13단지 1316동 207호 (독산동)"
"에듀존도봉지역아동센터","B9102","(아동) 지역아동센터","아동복지시설","자치구","구본영","1132000000","도봉구","서울특별시 도봉구 해등로 1114층"
"슬기의집","B9103","(아동) 공동생활가정","아동복지시설","자치구","정순란","1129000000","성북구","서울특별시 성북구 성북로8다길 17403호 (성북동 경완빌라)(성북동 경완빌라)"
"푸른꿈나무지역아동센터","B9116","(아동) 지역아동센터","아동복지시설","자치구","박상현","1138000000","은평구","서울특별시 은평구 불광로 1213층"
"예수그리스도의집","B9145","(아동) 공동생활가정","아동복지시설","자치구","김선명","1162000000","관악구","서울특별시 관악구 양지5길 36 (신림동)"
"창동드림지역아동센터","B9148","(아동) 지역아동센터","아동복지시설","자치구","조래연","1132000000","도봉구","서울특별시 도봉구 우이천로4다길32(창동478-2)32 (창동)"
"생명강지역아동센터","B9153","(아동) 지역아동센터","아동복지시설","자치구","곽태성","1126000000","중랑구","서울특별시 중랑구 동일로123길 21"
"친구네지역아동센터","B9193","(아동) 지역아동센터","아동복지시설","자치구","이정연","1111000000","종로구","서울특별시 종로구 창신동창신길 59 4층"
"세종지역아동센터","B9214","(아동) 지역아동센터","아동복지시설","자치구","신민경","1111000000","종로구","서울특별시 종로구 통일로12길 10-142층"
"사랑의지역아동센터","B9228","(아동) 지역아동센터","아동복지시설","자치구","이정애","1130500000","강북구","서울특별시 강북구 삼양로20길53 (미아동)"
"암사지역아동센터","B9254","(아동) 지역아동센터","아동복지시설","자치구","선순제","1174000000","강동구","서울특별시 강동구 고덕로27길 28 (암사동)"
"행복한지역아동센터","B9260","(아동) 지역아동센터","아동복지시설","자치구","김지연","1121500000","광진구","서울특별시 강서구 강서로 532106동 306호 (가양동 동신아파트대아아파트)(가양동 동신아파트대아아파트)"
"섬기는지역아동센터","B9264","(아동) 지역아동센터","아동복지시설","자치구","박숙희","1153000000","구로구","서울특별시 구로구 개봉로17아길 51-12 (개봉동)"
"우애의집","B9273","(아동) 공동생활가정","아동복지시설","자치구","전인옥","1129000000","성북구","서울특별시 성북구 장위로 31103호 (장위동 신장위아파트)"
"여의칸지역아동센터","B9284","(아동) 지역아동센터","아동복지시설","자치구","김계순","1165000000","서초구","서울특별시 서초구 서초대로 532층 (방배동)"
"구립석관동꿈나무키우미돌봄센터","B9302","(아동) 지역아동센터","아동복지시설","자치구","전해숙","1129000000","성북구","서울특별시 성북구 한천로79길 14-14 (석관동)"
"새숲공부방","B9304","(아동) 지역아동센터","아동복지시설","자치구","이선희","1162000000","관악구","서울특별시 관악구 광신길 160101동 101호/106호 (신림동 신림1단지주공아파트)"
"푸른우리집","B9309","(아동) 공동생활가정","아동복지시설","자치구","이정화","1174000000","강동구","서울특별시 강동구 아리수로76길 36-0(고덕동 12층 201호)"
"서초꿈","B9322","(아동) 아동양육시설","아동복지시설","자치구","조휘옥","1165000000","서초구","서울특별시 서초구 서초대로 114-14 (방배동)"
"구립광현청소년 지역아동센터","B9323","(아동) 지역아동센터","아동복지시설","자치구","송재화","1138000000","은평구","서울특별시 은평구 연서로27길 31-7지층 (갈현동)"
"새비전지역아동센터","B9329","(아동) 지역아동센터","아동복지시설","자치구","임후남","1171000000","송파구","서울특별시 송파구 거마로7길 4444-5 201호 (거여동)"
"드림홈스쿨","B9330","(아동) 지역아동센터","아동복지시설","자치구","한경미","1154500000","금천구","서울특별시 금천구 가산로 106(202호 주상복합두산아파트) (가산동 주상복합두산아파트)"
"비전스쿨지역아동센터","B9332","(아동) 지역아동센터","아동복지시설","자치구","문장한","1138000000","은평구","서울특별시 은평구 가좌로7나길 172층"
"늘푸른청소년미래","B9336","(아동) 공동생활가정","아동복지시설","자치구","기영희","1162000000","관악구","서울특별시 관악구 약수암1길 6-8 (신림동)"
"맑은지역아동센터","B9340","(아동) 지역아동센터","아동복지시설","자치구","이인아","1138000000","은평구","서울특별시 은평구 진흥로9길 8-172층"
"구립예꿈터지역아동센터","B9352","(아동) 지역아동센터","아동복지시설","자치구","송선용","1141000000","서대문구","서울특별시 서대문구 문화촌길6-4 (홍제동)"
"동산비젼스쿨지역아동센터","B9359","(아동) 지역아동센터","아동복지시설","자치구","김경숙","1130500000","강북구","서울특별시 강북구 오현로 103층"
"두날개지역아동센터","B9365","(아동) 지역아동센터","아동복지시설","자치구","문제영","1156000000","영등포구","서울특별시 영등포구 가마산로 333 유현빌딩 3층 (대림동)"
"행복한우리","B9398","(아동) 공동생활가정","아동복지시설","자치구","권혜경","1171000000","송파구","서울특별시 송파구 올림픽로47길9-10 301호 (풍납동)"
"서울영아일시보호소","B9400","(아동) 아동일시보호시설","아동복지시설","자치구","강신혜","1168000000","강남구","서울특별시 강남구 논현로86길 214층 (역삼동)"
"꿈사랑방지역아동센터","B9406","(아동) 지역아동센터","아동복지시설","자치구","박은자","1123000000","동대문구","서울특별시 동대문구 답십리동80호 청솔우성아파트상가3층 308309"
"오륜레인보우지역아동센터","B9416","(아동) 지역아동센터","아동복지시설","자치구","이문용","1174000000","강동구","서울특별시 강동구 강동대로53길 73 (성내동)"
"CLC희망학교","B9436","(아동) 지역아동센터","아동복지시설","자치구","조진희","1154500000","금천구","서울특별시 금천구 시흥대로306 3층 (독산동)"
"새터민청소년그룹홈<한식구>","B9447","(아동) 공동생활가정","아동복지시설","자치구","이태현","1129000000","성북구","서울특별시 성북구 정릉2동북악산로 1다길 3 2층 (정릉동)"
"봄채","B9462","(아동) 공동생활가정","아동복지시설","자치구","윤설희","1171000000","송파구","서울특별시 송파구 동남로24길 114층"
"예원","B9467","(아동) 공동생활가정","아동복지시설","자치구","김필저","1150000000","강서구","서울특별시 강서구 강서로45길138 804호 (내발산동)"
"샘지역아동센터","B9475","(아동) 지역아동센터","아동복지시설","자치구","지정의","1138000000","은평구","서울특별시 은평구 연서로11길 7-2"
"구립상계1동지역아동센터","B9515","(아동) 지역아동센터","아동복지시설","자치구","강지현","1135000000","노원구","서울특별시 노원구 동일로1697 (상계동) 상계1동주민센터 2층"
"행복한지역아동센터","B9536","(아동) 지역아동센터","아동복지시설","자치구","서영숙","1123000000","동대문구","서울특별시 동대문구 외대역동로75 (이문동)"
"안젤라의집","B9552","(아동) 공동생활가정","아동복지시설","자치구","김인옥","1129000000","성북구","서울특별시 성북구 장위로32길장위로32길 11"
"방화지역아동센터","B9555","(아동) 지역아동센터","아동복지시설","자치구","이동훈","1150000000","강서구","서울특별시 강서구 양천로6길28 3층 301호 (방화동)"
"한빛지역아동센터","B9556","(아동) 지역아동센터","아동복지시설","자치구","서란","1129000000","성북구","서울특별시 성북구 동소문로34길24 304305호 (돈암동 삼성아파트 제비상가)"
"구립상계3.4동지역아동센터","B9557","(아동) 지역아동센터","아동복지시설","자치구","서경하","1135000000","노원구","서울특별시 노원구 덕릉로859 3층 (상계동)"
"우등생지역아동센터","B9559","(아동) 지역아동센터","아동복지시설","자치구","김미숙","1174000000","강동구","서울특별시 강동구 진황도로23길 7 (천호동)"
"구립월계지역아동센터","B9569","(아동) 지역아동센터","아동복지시설","자치구","김보경","1135000000","노원구","서울특별시 노원구 초안산로 1길51 2층 (월계동 월계종합사회복지관)"
"구립상계숲속지역아동센터","B9573","(아동) 지역아동센터","아동복지시설","자치구","조호미나","1135000000","노원구","서울특별시 노원구 동일로227길106"
"구립공릉지역아동센터","B9578","(아동) 지역아동센터","아동복지시설","자치구","이지연","1135000000","노원구","서울특별시 노원구 공릉동708번지 공릉종합사회복지관 3층"
"구립종암동꿈나무키우미돌봄센터","B9579","(아동) 지역아동센터","아동복지시설","자치구","나경훈","1129000000","성북구","서울특별시 성북구 종암로19길18 (종암동)"
"해오름지역아동센터","B9595","(아동) 지역아동센터","아동복지시설","자치구","김경이","1171000000","송파구","서울특별시 송파구 백제고분로40길23 2층 (석촌동)"
"함께하는사랑밭독산지역아동센터","B9614","(아동) 지역아동센터","아동복지시설","자치구","김연정","1154500000","금천구","서울특별시 금천구 문성로44 (독산동)"
"강북구 공립지역아동센터","B9628","(아동) 지역아동센터","아동복지시설","자치구","김경화","1130500000","강북구","서울특별시 강북구 도봉로96다길15 (번동)"
"풍성한지역아동센터","B9650","(아동) 지역아동센터","아동복지시설","자치구","김경진","1138000000","은평구","서울특별시 은평구 증산로15길 62-12층 (신사동)"
"초록나무학교","B9651","(아동) 지역아동센터","아동복지시설","자치구","나영학","1147000000","양천구","서울특별시 양천구 오목로38길29 (신정동)"
"구립초안산숲속지역아동센터","B9654","(아동) 지역아동센터","아동복지시설","자치구","김혜숙","1135000000","노원구","서울특별시 노원구 덕릉로60길 199 (월계동)"
"다사랑영등포지역아동센터","B9689","(아동) 지역아동센터","아동복지시설","자치구","박상민","1156000000","영등포구","서울특별시 영등포구 신길로42길35 111동 903호 (신길동 삼성래미안아파트)"
"구립가재울지역아동센터","B9698","(아동) 지역아동센터","아동복지시설","자치구","임미심","1141000000","서대문구","서울특별시 서대문구 거북골로195-1 2층 (북가좌동 서대문꿈나무지원센터)"
"조이드림지역아동센터","B9706","(아동) 지역아동센터","아동복지시설","자치구","안미숙","1156000000","영등포구","서울특별시 영등포구 당산로38길 9-3 (당산동4가)"
"서울중심지역아동센터","B9709","(아동) 지역아동센터","아동복지시설","자치구","유영미","1174000000","강동구","서울특별시 강동구 천호대로162길34 215호 (성내동)"
"달마학교지역아동센터","B9711","(아동) 지역아동센터","아동복지시설","자치구","마선주","1120000000","성동구","서울특별시 성동구 성덕정길58 (성수동1가) 동현빌딩 4층"
"홍제주원지역아동센터","B9715","(아동) 지역아동센터","아동복지시설","자치구","김영수","1141000000","서대문구","서울특별시 서대문구 홍제원6길4 (홍제동)"
"부림지역아동센터","B9728","(아동) 지역아동센터","아동복지시설","자치구","김영미","1138000000","은평구","서울특별시 은평구 연서로37길 51 (불광동)"
"사랑지역아동센터","B9730","(아동) 지역아동센터","아동복지시설","자치구","임서연","1129000000","성북구","서울특별시 성북구 솔샘로 25 (정릉동)"
"우리들의공부방","B9734","(아동) 지역아동센터","아동복지시설","자치구","홍예진","1162000000","관악구","서울특별시 관악구 남부순환로 15352층 (신림동)(신림동)"
"베타니아","B9738","(아동) 공동생활가정","아동복지시설","자치구","이선중","1129000000","성북구","서울특별시 성북구 동소문로15길동소문로 15길 99 122동 1002호 (동소문동7가)"
"동작지역아동센터","B9747","(아동) 지역아동센터","아동복지시설","자치구","진영순","1159000000","동작구","서울특별시 동작구 국사봉길18 (신대방동) 3층"
"밝은지역아동센터","B9749","(아동) 지역아동센터","아동복지시설","자치구","박웅서","1150000000","강서구","서울특별시 강서구 양천로17길26-2 1층 (방화동)"
"해오름지역아동센터","B9763","(아동) 지역아동센터","아동복지시설","자치구","김숙현","1159000000","동작구","서울특별시 동작구 상도동210번지 375호"
"동화나라","B9786","(아동) 지역아동센터","아동복지시설","자치구","이경희","1159000000","동작구","서울특별시 동작구 사당로 164-1A동 202호 (사당동 남성골든빌아파트)"
"구로구공립지역아동센터","B9794","(아동) 지역아동센터","아동복지시설","자치구","최형묵","1153000000","구로구","서울특별시 구로구 천왕로32 306 307호 (천왕동 천왕에이스프라자 3충)"
"은혜의 집","B9798","(아동) 공동생활가정","아동복지시설","자치구","김용순","1129000000","성북구","서울특별시 성북구 북악산로북악산로 913 101동 103호 (돈암동)풍림A101-103"
"영광지역아동센터","B9809","(아동) 지역아동센터","아동복지시설","자치구","장혜윤","1132000000","도봉구","서울특별시 도봉구 노해로41가길 17-0마천동"
"예사랑청소년지역아동센터","B9824","(아동) 지역아동센터","아동복지시설","자치구","윤선영","1159000000","동작구","서울특별시 동작구 장승배기로10가길124 (상도동)"
"열린지역아동센터","B9838","(아동) 지역아동센터","아동복지시설","자치구","정정희","1126000000","중랑구","서울특별시 중랑구 용마산로 5314층 (망우동)"
"아름다운 땅 지역아동센터","B9843","(아동) 지역아동센터","아동복지시설","자치구","이정림","1130500000","강북구","서울특별시 강북구 오현로194 3층(번동)"
"안수인 지역아동센터","B9851","(아동) 지역아동센터","아동복지시설","자치구","조윤주","1154500000","금천구","서울특별시 금천구 시흥대로26길9 2층 (시흥동)"
"생각의숲 지역아동센터 ","B9865","(아동) 지역아동센터","아동복지시설","자치구","남경애","1159000000","동작구","서울특별시 동작구 성대로29길 60-0 (상도동)60 (상도동)"
"밝은미래 아동상담소","B9888","(아동) 아동상담소","아동복지시설","자치구","윤호순","1114000000","중구","서울특별시 중구 다산로12길 39 (신당동)"
"서울특별시 꿈나무마을 초록꿈터","B9895","(아동) 아동양육시설","아동복지시설","자치구","김영수","1138000000","은평구","서울특별시 은평구 백련산로14길20-11 (응암동)"
"꽃가람","B9896","(아동) 공동생활가정","아동복지시설","자치구","오순","1121500000","광진구","서울특별시 광진구 자양로44길 141-320비호 (구의동 대림아트빌리지)"
"서울특별시 꿈나무마을 파란꿈터","B9898","(아동) 아동양육시설","아동복지시설","자치구","강효봉","1138000000","은평구","서울특별시 은평구 백련산로14길20-11 (응암동)"
"서울특별시 꿈나무마을 연두꿈터","B9900","(아동) 아동양육시설","아동복지시설","자치구","정현숙","1138000000","은평구","서울특별시 은평구 백련산로14길20-11 (응암동)"
"젬마지역아동센터","B9903","(아동) 지역아동센터","아동복지시설","자치구","남상온","1159000000","동작구","서울특별시 동작구 상도1동572번지"
"숲과나무지역아동센터","B9930","(아동) 지역아동센터","아동복지시설","자치구","정혜윤","1174000000","강동구","서울특별시 강동구 올림픽로98길25 3층 (암사동)"
"꿈터","B9939","(아동) 공동생활가정","아동복지시설","자치구","허여정","1159000000","동작구","서울특별시 동작구 양녕로22라길 23401호 (상도동 미경빌라)"
"양지지역아동센터","B9961","(아동) 지역아동센터","아동복지시설","자치구","김성식","1162000000","관악구","서울특별시 관악구 남부순환로 16952층 (봉천동)(봉천동)"
"큰미래지역아동센터","B9967","(아동) 지역아동센터","아동복지시설","자치구","최화순","1150000000","강서구","서울특별시 강서구 방화대로23길49-5 1층 (공항동)"
"구립푸르름지역아동센터","B9971","(아동) 지역아동센터","아동복지시설","자치구","서지연","1156000000","영등포구","서울특별시 영등포구 영등포로64길 15 (신길동) 소통관 1층"
"홀트일시보호소","B9985","(아동) 아동일시보호시설","아동복지시설","자치구","김혜성","1144000000","마포구","서울특별시 마포구 양화로1길22 (합정동)"
"새로핌지역아동센터","B9995","(아동) 지역아동센터","아동복지시설","자치구","윤미숙","1141000000","서대문구","서울특별시 서대문구 증가로118 2층 (남가좌동)"
"구립공릉행복지역아동센터","B9999","(아동) 지역아동센터","아동복지시설","자치구","정주혜","1135000000","노원구","서울특별시 노원구 동일로179길 22-03층 (공릉동 공릉행복발전소)"
"등촌1종합사회복지관 다솜방과후교실","F04230","(아동) 지역아동센터","아동복지시설","자치구","김선기","1150000000","강서구","서울특별시 강서구 강서로68길 36 (등촌동 등촌주공12단지아파트)(등촌동 등촌주공12단지아파트)"
"구립길음동꿈나무키우미돌봄센터","F04442","(아동) 지역아동센터","아동복지시설","자치구","김미은","1129000000","성북구","서울특별시 성북구 서경로6길 70 (길음동)"
"희망의집 지역아동센터","F04658","(아동) 지역아동센터","아동복지시설","자치구","김희정","1130500000","강북구","서울특별시 강북구 삼양로 280-1 (미아동)"
"동소문행복함홈스쿨","F04669","(아동) 지역아동센터","아동복지시설","자치구","정유진","1129000000","성북구","서울특별시 성북구 아리랑로6가길 37 (동선동5가)(동선동5가)"
"강북지역아동센터","F04679","(아동) 지역아동센터","아동복지시설","자치구","서금옥","1130500000","강북구","서울특별시 강북구 삼양로118길 273층 (수유동)(수유동)"
"송중동지역아동센터","F04680","(아동) 지역아동센터","아동복지시설","자치구","윤주영","1130500000","강북구","서울특별시 강북구 오패산로31길 14 (미아동)(미아동)"
"우리지역아동센터","F04681","(아동) 지역아동센터","아동복지시설","자치구","김지아","1130500000","강북구","서울특별시 강북구 오현로31길 21 (번동)(번동)"
"울림사회적협동조합 산지역아동센터","F04682","(아동) 지역아동센터","아동복지시설","자치구","장명임","1130500000","강북구","서울특별시 강북구 삼각산로 134 (수유동)(수유동)"
"울림사회적협동조합 독립문지역아동센터","F04683","(아동) 지역아동센터","아동복지시설","자치구","최윤경","1130500000","강북구","서울특별시 강북구 덕릉로40길 14 (번동)(번동)"
"울림사회적협동조합 꾸러기지역아동센터","F04684","(아동) 지역아동센터","아동복지시설","자치구","곽은아","1130500000","강북구","서울특별시 강북구 도봉로28나길 7 (미아동)(미아동)"
"울림사회적협동조합 하늘씨앗지역아동센터","F04685","(아동) 지역아동센터","아동복지시설","자치구","온민숙","1130500000","강북구","서울특별시 강북구 삼양로 246 (미아동)(미아동)"
"광진구3호점 우리동네키움센터","F04687","(아동) 다함께돌봄센터","아동복지시설","자치구","문혜숙","1121500000","광진구","서울특별시 광진구 자양로 71-7지하1층 ~ 지상2층 (자양동)(자양동)"
"하늘품의집지역아동센터","F04689","(아동) 지역아동센터","아동복지시설","자치구","최형원","1135000000","노원구","서울특별시 노원구 상계로23다길 33하늘품의집지역아동센터 (상계동)"
"꿈터지역아동센터","F04692","(아동) 지역아동센터","아동복지시설","자치구","백경화","1120000000","성동구","서울특별시 성동구 금호산길 612층 (금호동2가)"
"응봉지역아동센터","F04693","(아동) 지역아동센터","아동복지시설","자치구","한명순","1120000000","성동구","서울특별시 성동구 독서당로60나길 151층 (응봉동)(응봉동)"
"아름다운안암지역아동센터","F04694","(아동) 지역아동센터","아동복지시설","자치구","장남순","1123000000","동대문구","서울특별시 동대문구 약령시로 122층 (제기동)(제기동)"
"해피아트지역아동센터","F04695","(아동) 지역아동센터","아동복지시설","자치구","이옥진","1123000000","동대문구","서울특별시 동대문구 망우로14가길 282층 (휘경동)(휘경동)"
"한마음지역아동센터","F04696","(아동) 지역아동센터","아동복지시설","자치구","성은숙","1123000000","동대문구","서울특별시 동대문구 왕산로45길 312층 (청량리동)(청량리동)"
"성복행복한홈스쿨","F04697","(아동) 지역아동센터","아동복지시설","자치구","배선미","1123000000","동대문구","서울특별시 동대문구 장안벚꽃로 1391층 (장안동)(장안동)"
"삼정학교지역아동센터","F04699","(아동) 지역아동센터","아동복지시설","자치구","유현경","1135000000","노원구","서울특별시 노원구 동일로215길 481층 (상계동 상계주공3단지아파트)"
"신금호아이꿈누리터(성동11호점 우리동네키움센터)","F04700","(아동) 다함께돌봄센터","아동복지시설","자치구","이지숙","1120000000","성동구","서울특별시 성동구 행당로 6103호 (금호동1가)"
"구립노원청소년지역아동센터","F04757","(아동) 지역아동센터","아동복지시설","자치구","김현숙","1135000000","노원구","서울특별시 노원구 덕릉로86길 52층 (중계동)"
"공립불암골지역아동센터","K0016","(아동) 지역아동센터","아동복지시설","자치구","김혜원","1135000000","노원구","서울특별시 노원구 중계로14길51 (중계동)"
"라온","K0049","(아동) 공동생활가정","아동복지시설","자치구","이현주","1150000000","강서구","서울특별시 강서구 송정로 14-121층 (공항동)"
"하나복지지역아동센터","K0067","(아동) 지역아동센터","아동복지시설","자치구","장시영","1165000000","서초구","서울특별시 서초구 방배천로18길 20-04층(방배동)"
"구립노원1지역아동센터","K0071","(아동) 지역아동센터","아동복지시설","자치구","정신희","1135000000","노원구","서울특별시 노원구 월계로55길16 관리동 1층 (월계동 월계사슴2단지아파트)"
"희망드림지역아동센터","K0118","(아동) 지역아동센터","아동복지시설","자치구","허정란","1132000000","도봉구","서울특별시 도봉구 도봉로110아길 12 (창동)"
"파란나라지역아동센터","K0121","(아동) 지역아동센터","아동복지시설","자치구","전상진","1126000000","중랑구","서울특별시 중랑구 면목로 452 (면목동)"
"녹색지역아동센터","K0127","(아동) 지역아동센터","아동복지시설","자치구","이영신","1126000000","중랑구","서울특별시 중랑구 겸재로 78 3층 (면목동)"
"씨앗지역아동센터","K0142","(아동) 지역아동센터","아동복지시설","자치구","송해영","1126000000","중랑구","서울특별시 중랑구 겸재로 1932층 (면목동)"
"구립꿈나무지역아동센터","K0145","(아동) 지역아동센터","아동복지시설","자치구","김은주","1135000000","노원구","서울특별시 노원구 동일로186길 3-24 1층 (공릉동 공릉1동주민센터)"
"다니엘청소년지역아동센터","K0147","(아동) 지역아동센터","아동복지시설","자치구","최경주","1147000000","양천구","서울특별시 양천구 남부순환로 3743층 (신월동)"
"영문지역아동센터","K0148","(아동) 지역아동센터","아동복지시설","자치구","박은미","1153000000","구로구","서울특별시 구로구 개봉로11길 35-9301호 (개봉동)"
"강남지역아동센터","K0162","(아동) 지역아동센터","아동복지시설","자치구","박순옥","1165000000","서초구","서울특별시 서초구 강남대로79길 52-5 4층 (반포동)"
"한빛마을","K0176","(아동) 공동생활가정","아동복지시설","자치구","정지욱","1171000000","송파구","서울특별시 송파구 백제고분로28길 19-24 501호 (삼전동 삼전빌라)"
"구립한내지혜의숲지역아동센터","K0192","(아동) 지역아동센터","아동복지시설","자치구","임리아","1135000000","노원구","서울특별시 노원구 마들로 86 (월계동)"
"솔나무지역아동센터","K0202","(아동) 지역아동센터","아동복지시설","자치구","한순덕","1159000000","동작구","서울특별시 동작구 등용로9길 21층 (대방동)"
"강남지역아동센터","K0205","(아동) 지역아동센터","아동복지시설","자치구","유인숙","1168000000","강남구","서울특별시 강남구 개포로28길 11 (개포동)"
"우면지역아동센터","K0211","(아동) 지역아동센터","아동복지시설","자치구","이한나","1165000000","서초구","서울특별시 서초구 태봉로 68 401호 (우면동 우면프라자2)"
"도담지역아동센터","K0220","(아동) 지역아동센터","아동복지시설","자치구","한용환","1171000000","송파구","서울특별시 송파구 풍성로23길41 2층 (풍납동)"
"서울특별시립 서부아동상담치료센터","K0225","(아동) 아동종합시설","아동복지시설","자치구","최영진","1138000000","은평구","서울특별시 은평구 백련산로14길 20-11 (응암동)"
"도밍고의집","K0234","(아동) 공동생활가정","아동복지시설","자치구","구경아","1130500000","강북구","서울특별시 강북구 솔매로41길 37-10 (미아동)37-10 (미아동)"
"헤아림 그룹홈","K0235","(아동) 공동생활가정","아동복지시설","자치구","이영애","1147000000","양천구","서울특별시 양천구 은행정로15길 173층 3호 (신정동 신정빌라)"
"금나래 지역아동센터","K0237","(아동) 지역아동센터","아동복지시설","자치구","강선영","1154500000","금천구","서울특별시 금천구 범안로17길 23-0 (독산동)23 201호 (독산동 우정오피스텔)"
"소은지역아동센터","K0258","(아동) 지역아동센터","아동복지시설","자치구","정경화","1150000000","강서구","서울특별시 강서구 방화대로6나길 17 2층 (공항동)"
"해피지역아동센터","K0266","(아동) 지역아동센터","아동복지시설","자치구","홍경란","1153000000","구로구","서울특별시 구로구 고척로 19303호 (오류동 한백고은아파트)"
"구립하계지역아동센터","K0272","(아동) 지역아동센터","아동복지시설","자치구","고영자","1135000000","노원구","서울특별시 노원구 노원로16길 60 (하계동 중계9단지주공영구임대아파트)"
"놀이터지역아동센터","K0273","(아동) 지역아동센터","아동복지시설","자치구","김옥길","1126000000","중랑구","서울특별시 중랑구 동일로 880 (묵동)"
"구립삼선동꿈나무키우미돌봄센터","K0274","(아동) 지역아동센터","아동복지시설","자치구","김희경","1129000000","성북구","서울특별시 성북구 보문로29길 101 (삼선동3가)"
"다온 서울시립학대피해아동쉼터","K0276","(아동) 학대피해아동쉼터","아동복지시설","자치구","박귀자","1162000000","관악구","서울특별시 관악구 난향길 52-0 (신림동)52 501호 (신림동)"
"마고네공부방 지역아동센터","K0278","(아동) 지역아동센터","아동복지시설","자치구","이옥희","1129000000","성북구","서울특별시 성북구 성북로 8길 65 1층 101호"
"조은날영라이프","K0279","(아동) 공동생활가정","아동복지시설","자치구","황금재","1171000000","송파구","서울특별시 송파구 성내천로43가길 12-0 (마천동)12 2~3층 202호 (마천동)"
"삼전지역아동센터","K0285","(아동) 지역아동센터","아동복지시설","자치구","박달준","1171000000","송파구","서울특별시 송파구 삼전로10길 3 2층 (삼전동)"
"서울나자렛집","K0291","(아동) 공동생활가정","아동복지시설","자치구","김유나","1159000000","동작구","서울특별시 동작구 신대방길85 104동 201호 (신대방동 경남아파트)"
"비전트리지역아동센터","K0304","(아동) 지역아동센터","아동복지시설","자치구","이정순","1129000000","성북구","서울특별시 성북구 장월로 28 (장위동)"
"드림지역아동센터","K0312","(아동) 지역아동센터","아동복지시설","자치구","이우영","1147000000","양천구","서울특별시 양천구 남부순환로61길 13 201호 (신월동)"
"소망그룹홈","K0314","(아동) 공동생활가정","아동복지시설","자치구","김동진","1147000000","양천구","서울특별시 양천구 오목로 160101동 603호 (신정동 신호아파트)"
"꿈자람 학대피해아동쉼터","K0345","(아동) 학대피해아동쉼터","아동복지시설","자치구","장영순","1123000000","동대문구","서울특별시 동대문구 한천로58길 139105동 2층 2호 (이문동 이문1차 푸르지오 아파트)"
"구립함께하는지역아동센터","K0373","(아동) 지역아동센터","아동복지시설","자치구","임금빈","1174000000","강동구","서울특별시 강동구 상일로12길 95102동 4층 (강일동 푸르내)"
"효주아녜스의집","K0377","(아동) 공동생활가정","아동복지시설","자치구","곽근","1150000000","강서구","서울특별시 강서구 까치산로4가길36 (화곡동 효주아네스의집)"
"구립수락지역아동센터","K0379","(아동) 지역아동센터","아동복지시설","자치구","오수진","1135000000","노원구","서울특별시 노원구 상계동 996-10"
"섬나지역아동센터","K0381","(아동) 지역아동센터","아동복지시설","자치구","이은주","1147000000","양천구","서울특별시 양천구 은행정로 32 3층 (신정동)"
"LH 행복꿈터 열린마음 지역아동센터","K0384","(아동) 지역아동센터","아동복지시설","자치구","김계숙","1168000000","강남구","서울특별시 강남구 자곡로3길 22 (자곡동)"
"우리집 그룹홈","K0387","(아동) 공동생활가정","아동복지시설","자치구","이미정","1141000000","서대문구","서울특별시 서대문구 증가로6길 55 1층 (홍은동)"
"구립월계문화지역아동센터","K0390","(아동) 지역아동센터","아동복지시설","자치구","김미숙","1135000000","노원구","서울특별시 노원구 월계로44길 23 (월계동)"
"궁동그룹홈","K0398","(아동) 공동생활가정","아동복지시설","자치구","한재숙","1153000000","구로구","서울특별시 구로구 오리로22나길 16-24 101동 23층 203303호 (궁동 유앤미빌리지)"
"킹스키즈그룹홈","K0400","(아동) 공동생활가정","아동복지시설","자치구","손애자","1153000000","구로구","서울특별시 구로구 경인로 343 104동 12층 03호 (고척동 삼환로즈빌)"
"대림2동지역아동센터","K0403","(아동) 지역아동센터","아동복지시설","자치구","문경숙","1156000000","영등포구","서울특별시 영등포구 대림로23길 27 (대림동)"
"하모니지역아동센터","K0416","(아동) 지역아동센터","아동복지시설","자치구","김예신","1153000000","구로구","서울특별시 구로구 개봉로11길 28-151층 (개봉동)"
"노스토스의집","K0417","(아동) 공동생활가정","아동복지시설","자치구","강지우","1153000000","구로구","서울특별시 구로구 서해안로 2368 101동 8층 3호 (오류동 우림필유)"
"강서누리지역아동센터","K0435","(아동) 지역아동센터","아동복지시설","자치구","김순자","1150000000","강서구","서울특별시 강서구 송정로 32 2층 (공항동)"
"우리모여지역아동센터","K0445","(아동) 지역아동센터","아동복지시설","자치구","정광호","1159000000","동작구","서울특별시 동작구 사당로22나길 69 2층 (사당동)"
"꿈나래지역아동센터","K0446","(아동) 지역아동센터","아동복지시설","자치구","조성숙","1153000000","구로구","서울특별시 구로구 고척로6길 293층 (오류동)"
"해맑음한일지역아동센터","K0470","(아동) 지역아동센터","아동복지시설","자치구","조용주","1132000000","도봉구","서울특별시 도봉구 방학로 57-171층 (방학동)(방학동)"
"광암 지역아동센터","K0476","(아동) 지역아동센터","아동복지시설","자치구","이명숙","1138000000","은평구","서울특별시 은평구 가좌로7라길35-4 1층 (응암동 광암교육사회봉사관)"
"구립 우면동 지역아동센터","K0478","(아동) 지역아동센터","아동복지시설","자치구","김소연","1165000000","서초구","서울특별시 서초구 바우뫼로4길6 (우면동)"
"구립 방배동 지역아동센터","K0479","(아동) 지역아동센터","아동복지시설","자치구","남동우","1165000000","서초구","서울특별시 서초구 서초대로 59 2층 (방배동)"
"예람지역아동센터","K0495","(아동) 지역아동센터","아동복지시설","자치구","서홍녀","1147000000","양천구","서울특별시 양천구 화곡로4길28 (신월동)"
"선덕원","K0502","(아동) 아동양육시설","아동복지시설","자치구","진유일","1111000000","종로구","서울특별시 종로구 세검정로7가길 15-1 (신영동)"
"메이지역아동센터","K0506","(아동) 지역아동센터","아동복지시설","자치구","백상화","1153000000","구로구","서울특별시 구로구 구로중앙로18길 683동 105호 (구로동 신구로현대아파트)"
"증산동성산 지역아동센터","K0546","(아동) 지역아동센터","아동복지시설","자치구","용영순","1138000000","은평구","서울특별시 은평구 증산서길 90 1층 (증산동)"
"북가좌동 우리동네키움센터 <친구랑>","K0567","(아동) 다함께돌봄센터","아동복지시설","자치구","이영미","1141000000","서대문구","서울특별시 서대문구 거북골로 195-1 1층 (북가좌동 서대문꿈나무지원센터)"
"금강지역아동센터","K0573","(아동) 지역아동센터","아동복지시설","자치구","채인숙","1153000000","구로구","서울특별시 구로구 고척로52길 982층 (개봉동)"
"나무와숲지역아동센터","K0575","(아동) 지역아동센터","아동복지시설","자치구","곽복덕","1147000000","양천구","서울특별시 양천구 목동중앙본로 93 2층 (목동)"
"기린청소년지역아동센터","K0576","(아동) 지역아동센터","아동복지시설","자치구","윤혜영","1147000000","양천구","서울특별시 양천구 목동중앙본로18길39 (목동)"
"자양 우리동네 키움센터(다함께 돌봄센터)","K0582","(아동) 다함께돌봄센터","아동복지시설","자치구","유효진","1121500000","광진구","서울특별시 광진구 자양번영로35 (자양동)"
"중곡지역아동센터","K0588","(아동) 지역아동센터","아동복지시설","자치구","김순화","1121500000","광진구","서울특별시 광진구 자양로53길 69 3층 (중곡동)"
"노량진2동 우리동네키움센터","K0600","(아동) 다함께돌봄센터","아동복지시설","자치구","고소영","1159000000","동작구","서울특별시 동작구 장승배기로19길 50 (노량진동)"
"용두신동우리동네키움센터희망","K0604","(아동) 다함께돌봄센터","아동복지시설","자치구","김형연","1123000000","동대문구","서울특별시 동대문구 무학로 133 1~2층 (용두동)"
"장안2동우리동네키움센터라온","K0608","(아동) 다함께돌봄센터","아동복지시설","자치구","김점덕","1123000000","동대문구","서울특별시 동대문구 답십리로63길 73 3층 (장안동)"
"OU","K0612","(아동) 학대피해아동쉼터","아동복지시설","자치구","조명숙","1135000000","노원구","서울특별시 노원구 중계로14라길 53 2층 201호 (중계동 부강쉘브르아파트)"
"성산2동 우리동네키움센터","K0620","(아동) 다함께돌봄센터","아동복지시설","자치구","황대영","1144000000","마포구","서울특별시 마포구 월드컵로36길 52 2층 (성산동)"
"망원1동 우리동네키움센터","K0629","(아동) 다함께돌봄센터","아동복지시설","자치구","전형진","1144000000","마포구","서울특별시 마포구 희우정로77 (망원동 망원한강아이파크 상가1층)"
"영등포본동 아이랜드 (영등포1호점 우리동네키움센터)","K0630","(아동) 지역아동센터","아동복지시설","자치구","김은정","1156000000","영등포구","서울특별시 영등포구 신길로60길 31-2 (신길동)"
"돌봄누리 지역아동센터","K0631","(아동) 지역아동센터","아동복지시설","자치구","곽정화","1156000000","영등포구","서울특별시 영등포구 디지털로69가길2 2층 (대림동)"
"구립오병이어 지역아동센터","K0632","(아동) 지역아동센터","아동복지시설","자치구","고현아","1138000000","은평구","서울특별시 은평구 은평로12길 12-25 (응암동)"
"양천1호점 우리동네키움센터","K0641","(아동) 다함께돌봄센터","아동복지시설","자치구","고현숙","1147000000","양천구","서울특별시 양천구 신정로11길 20관리동 1층 (신정동 동일하이빌아파트)(신정동 동일하이빌아파트)"
"파랑새지역아동센터","K0647","(아동) 지역아동센터","아동복지시설","자치구","이승미","1126000000","중랑구","서울특별시 중랑구 신내로 110 15동 103호 (신내동 동성아파트)"
"어린이나라지역아동센터","K0652","(아동) 지역아동센터","아동복지시설","자치구","최미영","1121500000","광진구","서울특별시 광진구 자양로22길58 2층 (구의동)"
"가온나래","K0653","(아동) 공동생활가정","아동복지시설","자치구","석혜영","1135000000","노원구","서울특별시 노원구 공릉로51길14-17 102동 12층 1203호 (공릉동 건영장미아파트)"
"강남 다함께키움센터(역삼)","K0654","(아동) 다함께돌봄센터","아동복지시설","자치구","이찬","1168000000","강남구","서울특별시 강남구 논현로64길 7 3층 (역삼동 역삼청소년수련관)"
"잠실본동 송파키움센터","K0663","(아동) 다함께돌봄센터","아동복지시설","자치구","이지연","1171000000","송파구","서울특별시 송파구 올림픽로8길 22 8층 (잠실동 잠실청소년센터)"
"개봉3동 우리동네키움센터","K0665","(아동) 다함께돌봄센터","아동복지시설","자치구","김종선","1153000000","구로구","서울특별시 구로구 개봉로11나길 23 (개봉동)"
"상상나루來키움센터","K0672","(아동) 다함께돌봄센터","아동복지시설","자치구","이민주","1174000000","강동구","서울특별시 강동구 올림픽로98가길 28 2층 (암사동)"
"구립길리청소년지역아동센터","K0679","(아동) 지역아동센터","아동복지시설","자치구","이은영","1174000000","강동구","서울특별시 강동구 양재대로114길 38 (길동)"
"구로5동우리동네키움센터","K0683","(아동) 다함께돌봄센터","아동복지시설","자치구","김동옥","1153000000","구로구","서울특별시 구로구 구로중앙로34길 67 (구로동)"
"스위첸아이꿈누리터(성동1호점 우리동네키움센터)","K0696","(아동) 다함께돌봄센터","아동복지시설","자치구","양호석","1120000000","성동구","서울특별시 성동구 무학봉길 35103동 205호 (하왕십리동 왕십리KCC스위첸)"
"가락1동 송파키움센터","K0715","(아동) 다함께돌봄센터","아동복지시설","자치구","차순희","1171000000","송파구","서울특별시 송파구 양재대로 925 2층 (가락동)"
"진관 우리동네키움센터","K0716","(아동) 다함께돌봄센터","아동복지시설","자치구","이재선","1138000000","은평구","서울특별시 은평구 통일로 1045 101호 (진관동 이룸체 사회적기업-1)"
"삼전동 송파키움센터","K0717","(아동) 다함께돌봄센터","아동복지시설","자치구","김미향","1171000000","송파구","서울특별시 송파구 백제고분로32길 35 (삼전동 삼전종합사회복지관 3층)"
"중랑1호점 신내동우리동네키움센터","K0719","(아동) 다함께돌봄센터","아동복지시설","자치구","김금이","1126000000","중랑구","서울특별시 중랑구 신내역로1길 145 1층 101호 (신내동 신내 소행주)"
"송파1동 송파키움센터","K0721","(아동) 다함께돌봄센터","아동복지시설","자치구","남성아","1171000000","송파구","서울특별시 송파구 백제고분로42길 5-0 (송파동)5 (송파동 송파여성문화회관 1층)"
"갈현 우리동네키움센터","K0731","(아동) 다함께돌봄센터","아동복지시설","자치구","김현순","1138000000","은평구","서울특별시 은평구 연서로25길22 (갈현동 갈현 우리동네키움센터)"
"응암 우리동네키움센터","K0732","(아동) 다함께돌봄센터","아동복지시설","자치구","윤인재","1138000000","은평구","서울특별시 은평구 백련산로 38 지하1층 (응암동 백련산힐스테이트2차 주민공동시설)"
"새빛지역아동센터","K0759","(아동) 지역아동센터","아동복지시설","자치구","최미옥","1121500000","광진구","서울특별시 광진구 아차산로330 (자양동)"
"나욧지역아동센터","K0773","(아동) 지역아동센터","아동복지시설","자치구","임길호","1130500000","강북구","서울특별시 강북구 삼각산로 157 (수유동)"
"테바 그룹홈","K0775","(아동) 공동생활가정","아동복지시설","자치구","이혜경","1135000000","노원구","서울특별시 노원구 석계로 23-20 1층 (월계동)"
"신대방1동 우리동네키움센터","K0782","(아동) 다함께돌봄센터","아동복지시설","자치구","권현수","1159000000","동작구","서울특별시 동작구 신대방2길 42-10 3층 (신대방동)"
"옥수복지관아이꿈누리터(성동7호점 우리동네키움센터)","K0785","(아동) 다함께돌봄센터","아동복지시설","자치구","정연임","1120000000","성동구","서울특별시 성동구 한림말길 16-5옥수종합사회복지관 3층 (옥수동)"
"구로2동 우리동네키움센터","K0787","(아동) 다함께돌봄센터","아동복지시설","자치구","오명희","1153000000","구로구","서울특별시 구로구 벚꽃로 484 2층 (구로동 화원종합사회복지관)"
"마장아이꿈누리터(성동3호점 우리동네키움센터)","K0791","(아동) 다함께돌봄센터","아동복지시설","자치구","정미라","1120000000","성동구","서울특별시 성동구 마장로39길 332층 (마장동)"
"새희망 공동생활가정","K0793","(아동) 공동생활가정","아동복지시설","자치구","최은주","1147000000","양천구","서울특별시 양천구 은행정로19길 3 B동 2층 1호 (신정동 동국화이트빌아파트)"
"구로1동우리동네키움센터","K0800","(아동) 다함께돌봄센터","아동복지시설","자치구","허현숙","1153000000","구로구","서울특별시 구로구 구일로4길 46 202동 106호 (구로동 현대연예인아파트)"
"응봉아이꿈누리터(성동4호점 우리동네키움센터)","K0801","(아동) 다함께돌봄센터","아동복지시설","자치구","류성원","1120000000","성동구","서울특별시 성동구 독서당로 381현대종합상가 304호 (응봉동)"
"성수복지관아이꿈누리터(성동5호점 우리동네키움센터)","K0805","(아동) 다함께돌봄센터","아동복지시설","자치구","이화영","1120000000","성동구","서울특별시 성동구 뚝섬로1길 43 6층 (성수동1가 성수종합사회복지관)"
"성수쌍용아이꿈누리터(성동6호점 우리동네키움센터)","K0808","(아동) 다함께돌봄센터","아동복지시설","자치구","이승연","1120000000","성동구","서울특별시 성동구 상원길 63 105동 101호 (성수동1가 쌍용아파트)"
"구립성내지역아동센터","K0812","(아동) 지역아동센터","아동복지시설","자치구","여경선","1174000000","강동구","서울특별시 강동구 성안로13길 56 4층 (성내동)"
"역촌 우리동네키움센터","K0816","(아동) 다함께돌봄센터","아동복지시설","자치구","김춘미","1138000000","은평구","서울특별시 은평구 진흥로7나길 12-5 2층 (역촌동 역촌 안심마을 경로당)"
"성동복지관아이꿈누리터(성동8호점 우리동네키움센터)","K0817","(아동) 다함께돌봄센터","아동복지시설","자치구","박정묘","1120000000","성동구","서울특별시 성동구 청계천로 506성동종합사회복지관 5층 (마장동)"
"구립 문정1동 지역아동센터","K0819","(아동) 지역아동센터","아동복지시설","자치구","엄미경","1171000000","송파구","서울특별시 송파구 송이로32길22 (문정동)"
"꿈 정함 우리동네 키움센터(다함께돌봄센터)","K0824","(아동) 다함께돌봄센터","아동복지시설","자치구","이명일","1121500000","광진구","서울특별시 광진구 자양로3가길 28 (자양동)"
"새날지역아동센터","K0827","(아동) 지역아동센터","아동복지시설","자치구","김금자","1121500000","광진구","서울특별시 광진구 아차산로26길 22 2층 (자양동)"
"천왕동 우리동네키움센터","K0833","(아동) 다함께돌봄센터","아동복지시설","자치구","김성례","1153000000","구로구","서울특별시 구로구 천왕로 21 701동 1층 (천왕동 천왕동 우리동네키움센터)"
"씨드센터","K0834","(아동) 자립지원시설","아동복지시설","자치구","서현철","1156000000","영등포구","서울특별시 영등포구 양평로12가길 8-2 (당산동6가 씨드센터)"
"고척1동 우리동네키움센터","K0836","(아동) 다함께돌봄센터","아동복지시설","자치구","오현아","1153000000","구로구","서울특별시 구로구 중앙로1길18-19 104동 1층 109호 (고척동 현대아파트)"
"도봉3호점 우리동네키움센터","K0837","(아동) 다함께돌봄센터","아동복지시설","자치구","신정민","1132000000","도봉구","서울특별시 도봉구 도봉로180나길33-29 102동 1층 104호 (도봉동)"
"도봉2호점 우리동네키움센터","K0838","(아동) 다함께돌봄센터","아동복지시설","자치구","조혜경","1132000000","도봉구","서울특별시 도봉구 도봉로175길 10 3층 (도봉동 무수골작은도서관)"
"도봉4호점 우리동네키움센터","K0840","(아동) 다함께돌봄센터","아동복지시설","자치구","김은영","1132000000","도봉구","서울특별시 도봉구 해등로 50 323동 101호 (창동 창동주공아파트)"
"왕십리도선동아이꿈누리터(성동2호점 우리동네키움센터)","K0841","(아동) 다함께돌봄센터","아동복지시설","자치구","김동현","1120000000","성동구","서울특별시 성동구 마장로 141왕십리도선동주민센터 2층 (상왕십리동)"
"당산1동 아이랜드 (영등포2호점 우리동네키움센터)","K0843","(아동) 지역아동센터","아동복지시설","자치구","손영미","1156000000","영등포구","서울특별시 영등포구 당산로29길 9 (당산동3가)"
"구로3동 융합형 우리동네키움센터","K0845","(아동) 다함께돌봄센터","아동복지시설","자치구","송은주","1153000000","구로구","서울특별시 구로구 디지털로32가길 50 3~4층 (구로동)"
"구립 오금동 지역아동센터","K0846","(아동) 지역아동센터","아동복지시설","자치구","유은진","1171000000","송파구","서울특별시 송파구 동남로24길 37 2층 (오금동)"
"대림1동 아이랜드 (영등포3호점 우리동네키움센터)","K0847","(아동) 지역아동센터","아동복지시설","자치구","김성자","1156000000","영등포구","서울특별시 영등포구 시흥대로183길9-2 2층 (대림동)"
"사근동아이꿈누리터(성동9호점 우리동네키움센터)","K0879","(아동) 다함께돌봄센터","아동복지시설","자치구","성미정","1120000000","성동구","서울특별시 성동구 사근동길 37사근동공공복합청사 내 (사근동)"
"사당5동 우리동네키움센터","K0890","(아동) 다함께돌봄센터","아동복지시설","자치구","소정아","1159000000","동작구","서울특별시 동작구 사당로 154 2층 (사당동)"
"한사랑지역아동센터","K0903","(아동) 지역아동센터","아동복지시설","자치구","윤석주","1153000000","구로구","서울특별시 구로구 구로동로8길 56 101 201호 (구로동)"
"꿈의학교지역아동센터","K0911","(아동) 지역아동센터","아동복지시설","자치구","최요셉","1153000000","구로구","서울특별시 구로구 개봉로12길 9-30 2층 1호 (개봉동)"
"문정2동 송파키움센터","K0915","(아동) 다함께돌봄센터","아동복지시설","자치구","서진숙","1171000000","송파구","서울특별시 송파구 중대로4길 4 1층 (문정동)"
"구로행복한지역아동센터","K0918","(아동) 지역아동센터","아동복지시설","자치구","명수희","1153000000","구로구","서울특별시 구로구 개봉로15길42 2층 1호 (개봉동)"
"지구촌지역아동센터","K0920","(아동) 지역아동센터","아동복지시설","자치구","손하영","1153000000","구로구","서울특별시 구로구 남부순환로 1291 B동 2층 201호 (가리봉동)"
"금호대우아이꿈누리터(성동10호점 우리동네키움센터)","K0925","(아동) 다함께돌봄센터","아동복지시설","자치구","문정희","1120000000","성동구","서울특별시 성동구 독서당로 272금호4가동 주민센터 옆"
"용산2호점 우리동네키움센터","K0927","(아동) 다함께돌봄센터","아동복지시설","자치구","한순애","1117000000","용산구","서울특별시 용산구 이촌로2가길 75 1층 (이촌동)"
"용산4호점 우리동네키움센터","K0928","(아동) 다함께돌봄센터","아동복지시설","자치구","전민재","1117000000","용산구","서울특별시 용산구 효창원로 160 1층 (청파동3가 효창그리스도교회)"
"용산1호점 우리동네키움센터","K0929","(아동) 다함께돌봄센터","아동복지시설","자치구","이정심","1117000000","용산구","서울특별시 용산구 원효로64길 25 3층 (원효로2가 원동교회)"
"행복한집","K0945","(아동) 공동생활가정","아동복지시설","자치구","김숙희","1153000000","구로구","서울특별시 구로구 개봉로15길74-2 201202호 (개봉동 이레팰리스)"
"강남 다함께키움센터(청담)","K0955","(아동) 다함께돌봄센터","아동복지시설","자치구","김미라","1168000000","강남구","서울특별시 강남구 영동대로131길 26 3층 (청담동 강남청소년수련관)"
"가락본동 송파키움센터","K0959","(아동) 다함께돌봄센터","아동복지시설","자치구","구선영","1171000000","송파구","서울특별시 송파구 오금로36길 36 (가락동)"
"중화지역아동센터","K0969","(아동) 지역아동센터","아동복지시설","자치구","서성애","1126000000","중랑구","서울특별시 중랑구 봉화산로 98 (중화동)"
"한길지역아동센터","K0970","(아동) 지역아동센터","아동복지시설","자치구","장순현","1126000000","중랑구","서울특별시 중랑구 동일로110길 37 (상봉동)"
"강동꿈나무지역아동센터","K0976","(아동) 지역아동센터","아동복지시설","자치구","조윤우","1174000000","강동구","서울특별시 강동구 올림픽로89길 27-30 2층 (천호동)"
"산돌예빛지역아동센터","K0990","(아동) 지역아동센터","아동복지시설","자치구","서명옥","1171000000","송파구","서울특별시 송파구 풍성로20길33 (풍납동)"
"강남 다함께키움센터(세곡)","K1015","(아동) 다함께돌봄센터","아동복지시설","자치구","김민주","1168000000","강남구","서울특별시 강남구 밤고개로 231 A동 2층 202203호 (자곡동 훼미리타운)"
"용산5호점 우리동네키움센터","K1034","(아동) 다함께돌봄센터","아동복지시설","자치구","조혜은","1117000000","용산구","서울특별시 용산구 효창원로 39 2층 (신창동)"
"누리미지역아동센터","K1039","(아동) 지역아동센터","아동복지시설","자치구","강성구","1171000000","송파구","서울특별시 송파구 성내천로 237 2층 (마천동)"
"마을학교지역아동센터","K1058","(아동) 지역아동센터","아동복지시설","자치구","박순희","1174000000","강동구","서울특별시 강동구 풍성로54길 27 3층 (성내동)"
"서울특별시 제2호(동작) 거점형 키움센터","K1059","(아동) 다함께돌봄센터","아동복지시설","자치구","박은미","1159000000","동작구","서울특별시 동작구 대방동  340번지 4호 외 3필지 지상 1~2층(스페이스 살림 내)"
"고척2동 우리동네키움센터","K1063","(아동) 다함께돌봄센터","아동복지시설","자치구","조아영","1153000000","구로구","서울특별시 구로구 중앙로15길 80 2층 (고척동)"
"아름다운지역아동센터","K1073","(아동) 지역아동센터","아동복지시설","자치구","김창무","1174000000","강동구","서울특별시 강동구 아리수로94길 19 상가동 204호"
"강일지역아동센터","K1074","(아동) 지역아동센터","아동복지시설","자치구","박필화","1174000000","강동구","서울특별시 강동구 구천면로100길 23 2층 (상일동)"
"강남다함께키움센터(도성)","K1079","(아동) 다함께돌봄센터","아동복지시설","자치구","나명경","1168000000","강남구","서울특별시 강남구 역삼로52길14 304호 (역삼동 도곡프라자)"
"푸른솔지역아동센터","K1082","(아동) 지역아동센터","아동복지시설","자치구","조현정","1171000000","송파구","서울특별시 송파구 풍성로 6 2층 (풍납동)"
"신도림동 우리동네키움센터","K1083","(아동) 다함께돌봄센터","아동복지시설","자치구","김경희","1153000000","구로구","서울특별시 구로구 신도림로 20 4층 401호 (신도림동)"
"그린리버지역아동센터","K1085","(아동) 지역아동센터","아동복지시설","자치구","이종명","1171000000","송파구","서울특별시 송파구 성내천로 189 3층 (마천동)"
"베다니지역아동센터","K1089","(아동) 지역아동센터","아동복지시설","자치구","이은혜","1132000000","도봉구","서울특별시 도봉구 우이천로48길 4 2층 (쌍문동)"
"아름다운꿈지역아동센터","K1090","(아동) 지역아동센터","아동복지시설","자치구","홍금표","1171000000","송파구","서울특별시 송파구 마천로305 3층 (마천동)"
"즐거운지역아동센터","K1097","(아동) 지역아동센터","아동복지시설","자치구","지경희","1132000000","도봉구","서울특별시 도봉구 노해로210 4층 (쌍문동 서울빌딩)"
"경희지역아동센터","K1105","(아동) 지역아동센터","아동복지시설","자치구","김보람","1121500000","광진구","서울특별시 광진구 긴고랑로7길54 (중곡동)"
"한사랑지역아동센터","K1106","(아동) 지역아동센터","아동복지시설","자치구","천은정","1121500000","광진구","서울특별시 광진구 동일로54길 20 (군자동)"
"배움터지역아동센터","K1118","(아동) 지역아동센터","아동복지시설","자치구","박정옥","1174000000","강동구","서울특별시 강동구 성안로 188-0 (길동)188 2층 (길동)"
"연희동 우리동네키움센터","K1120","(아동) 다함께돌봄센터","아동복지시설","자치구","김현정","1141000000","서대문구","서울특별시 서대문구 연희로 139-5 2층 (연희동)"
"돋움지역아동센터","K1123","(아동) 지역아동센터","아동복지시설","자치구","김경희","1174000000","강동구","서울특별시 강동구 동남로81길 82 3층 (고덕동)"
"하늘품공동생활가정","K1124","(아동) 공동생활가정","아동복지시설","자치구","김현애","1144000000","마포구","서울특별시 마포구 월드컵북로 501 (상암동 상암월드컵파크9단지)"
"같이","K1126","(아동) 공동생활가정","아동복지시설","자치구","박유미","1126000000","중랑구","서울특별시 중랑구 용마산로271 103동 604호 (면목동 면목동금호어울림아파트)"
"위례동 송파키움센터","K1128","(아동) 다함께돌봄센터","아동복지시설","자치구","이경해","1171000000","송파구","서울특별시 송파구 위례순환로 477 2321동 1층 (장지동)"
"꿈꾸는지역아동센터","K1132","(아동) 지역아동센터","아동복지시설","자치구","김윤옥","1171000000","송파구","서울특별시 송파구 동남로280 4층 (오금동)"
"종로구 2호점 우리동네키움센터","K1183","(아동) 다함께돌봄센터","아동복지시설","자치구","이명회","1111000000","종로구","서울특별시 종로구 세검정로 259 102호 (신영동 진안빌라)"
"항동 우리동네키움센터","K1194","(아동) 다함께돌봄센터","아동복지시설","자치구","이영미","1153000000","구로구","서울특별시 구로구 항동로3길 4 2층 201호 (항동)"
"온수동 우리동네키움센터","K1195","(아동) 다함께돌봄센터","아동복지시설","자치구","김광민","1153000000","구로구","서울특별시 구로구 부일로 875 2층 (온수동)"
"오류2동 우리동네키움센터","K1196","(아동) 다함께돌봄센터","아동복지시설","자치구","김성림","1153000000","구로구","서울특별시 구로구 서해안로24길 27 2층 (오류동)"
"천왕숲 우리동네키움센터","K1197","(아동) 다함께돌봄센터","아동복지시설","자치구","이재원","1153000000","구로구","서울특별시 구로구 오리로 1102-6 1층 106호 (천왕동)"
"석촌동 송파키움센터","K1224","(아동) 다함께돌봄센터","아동복지시설","자치구","박혜영","1171000000","송파구","서울특별시 송파구 백제고분로37길 4 1층 (석촌동)"
"라온지역아동센터","K1228","(아동) 지역아동센터","아동복지시설","자치구","주미정","1120000000","성동구","서울특별시 성동구 동일로 245 3층 (송정동)"
"솔바람지역아동센터","K1237","(아동) 지역아동센터","아동복지시설","자치구","박용호","1171000000","송파구","서울특별시 송파구 성내천로 271 3층 (마천동)"
"방이1동 송파키움센터","K1243","(아동) 다함께돌봄센터","아동복지시설","자치구","오문옥","1171000000","송파구","서울특별시 송파구 가락로 270 2층 (방이동 우정팰리스)"
"장지동 송파키움센터","K1249","(아동) 다함께돌봄센터","아동복지시설","자치구","이현숙","1171000000","송파구","서울특별시 송파구 새말로8길 9 2층 (문정동)"
"가락2동 송파키움센터","K1260","(아동) 다함께돌봄센터","아동복지시설","자치구","오시윤","1171000000","송파구","서울특별시 송파구 중대로20길 14 2층 (가락동)"
"삼전동2호 송파키움센터","K1267","(아동) 다함께돌봄센터","아동복지시설","자치구","전미나","1171000000","송파구","서울특별시 송파구 석촌호수로 158 2층 (삼전동)"
"오금동 송파키움센터","K1269","(아동) 다함께돌봄센터","아동복지시설","자치구","남미우","1171000000","송파구","서울특별시 송파구 동남로28길 40 3층 (오금동)"
"송파2동 송파키움센터","K1281","(아동) 다함께돌봄센터","아동복지시설","자치구","심재희","1171000000","송파구","서울특별시 송파구 송이로10길 12 2층 (송파동)"
"은총의 집","K1325","(아동) 공동생활가정","아동복지시설","자치구","김은미","1129000000","성북구","서울특별시 성북구 솔샘로17길 81-4 (정릉동)"
"잠실본동2호점 송파키움센터","K1521","(아동) 다함께돌봄센터","아동복지시설","자치구","정재우","1171000000","송파구","서울특별시 송파구 백제고분로 139 B동 2층 (잠실동)"
"신금호아이꿈누리터(성동11호점 우리동네키움센터)","K1531","(아동) 다함께돌봄센터","아동복지시설","자치구","이지숙","1120000000","성동구","서울특별시 성동구 행당로 6103호 (금호동1가)"
"송파희망세상지역아동센터","K1580","(아동) 지역아동센터","아동복지시설","자치구","이정훈","1171000000","송파구","서울특별시 송파구 오금로64길 4 2층 (거여동)"
"예닮의집","K1950","(아동) 공동생활가정","아동복지시설","자치구","장영숙","1130500000","강북구","서울특별시 강북구 화계사길 5-15 (수유동)"
"해밀지역아동센터","K2281","(아동) 지역아동센터","아동복지시설","자치구","허보영","1171000000","송파구","서울특별시 송파구 문정로 259 401호 (오금동)"
"조대봉님","P0002","(아동) 아동양육시설","아동복지시설","자치구","조대봉","1165000000","서초구","서울특별시 서초구 방배로20길 45층방배동"
"지온보육원","X9433","(아동) 아동양육시설","아동복지시설","자치구","박국자","1150000000","강서구","서울특별시 강서구 금낭화로26가길 120"